9373263e86cdf6da95460ea8d0c64d71:20-20,1.0,0 
81f7190e5d1fb504e4c1e846a82620fd:292-292,1.0,0 
81f7190e5d1fb504e4c1e846a82620fd:303-303,1.0,0 
87a18c21edf08341f37c13e9910d4c4a:16-17,1.0,-Tx_jhDI6dU -WPCMsa5w38 -hAJE1gm12o -nvEIYtJuMg 06GiaJGSivg 07OTb72lt9A 0HQdwnATrVA 0UNmh13048I 0Y3imqFLl0w 0s23UQ8D9Gk 1XRfyHULYvA 1b-qteslsBk 1vAaeQ-E6N4 2Br8cgK7inE 2JsRKYOeS5w 32XWAaP6Ck0 3OELXeso904 3oTAa5TPp2Y 4dIG5XJ7bGU 53xOpGobXQE 5796KGcFECU 5Pv 
198848e2c4c6b430c20ea369a76b4290:0-1,1.0,3VvviWwT-10 
198848e2c4c6b430c20ea369a76b4290:25-26,1.0,3VvviWwT-10 
198848e2c4c6b430c20ea369a76b4290:398-399,1.0,0 
198848e2c4c6b430c20ea369a76b4290:470-471,1.0,0 
97c1a858e69b06e6f30faaaeb7b6a72f:125-125,1.0,0 
3b517fa5ff7bd936d67d8fb1e019ec95:416-417,1.0,-lnkIozCMR8 1MuOHFzb1sM 1YpTLHtIXRI 2Az5Eb2AF_k 4ucyijUtAag 6zw_p_RqeFg 8ak8odE3tTE 9TV13rBt5-8 Baju9rNQ9-U Dj7rf-biBzE FBp3IAq_MUU GiaWXbVe1rg HT8_mbJzAB0 LrNZ5U1bAPw MYk6TvK7c8o MeYXqGPZYW4 MkUNATz_qVE Nz2YILkL80I OiGWds12z7A PiWJ_EhbSRU Rh7SzAp6HqY Tns 
3b517fa5ff7bd936d67d8fb1e019ec95:419-419,1.0,NcbTOYlgk-8 Tmm3x0h01ec _Auy40SMKQQ g2PNlxC56kY 
3b517fa5ff7bd936d67d8fb1e019ec95:438-439,1.0,0 
499a716b7f7e884aab0969831e61b70a:144-144,1.0,1LSCTvwQIUw, 3C0HGF0RjCU, 4Zi9PfB5-II, 9TUG1ZJVtPY, aNJmRUcKfj8, awuVB-_qclU, eB6lcTuEcgs, fdY4_aU--fo, g7e_08qbX_k, hF87mAillVk, iMeuTYz4AEs, jgLrC8ZakQs, PRLIEqm_lSI, qSTzfM_VuWs, RFcjbYVPd7k, rUHAixcfmt8, s6uBbX4Rr4w, tEzkXPs_OIE, wuD4SVqKB8o 
bad6ab238425f470597940c78a0661ac:67-67,1.0,NcbTOYlgk-8 Tmm3x0h01ec _Auy40SMKQQ g2PNlxC56kY 
bad6ab238425f470597940c78a0661ac:117-117,1.0,0 
8c8e3756f1c2e33e2bdf17cff0c41344:1-3,1.0,0 
8c8e3756f1c2e33e2bdf17cff0c41344:38-40,1.0,0 
8c8e3756f1c2e33e2bdf17cff0c41344:87-89,1.0,0 
8c8e3756f1c2e33e2bdf17cff0c41344:101-103,1.0,0 
8c8e3756f1c2e33e2bdf17cff0c41344:451-455,1.0,0 
8c8e3756f1c2e33e2bdf17cff0c41344:472-474,1.0,0 
8c8e3756f1c2e33e2bdf17cff0c41344:494-498,1.0,0 
8c8e3756f1c2e33e2bdf17cff0c41344:529-530,1.0,RgKfuLlgHtQ 
8c8e3756f1c2e33e2bdf17cff0c41344:532-534,1.0,0 
8c8e3756f1c2e33e2bdf17cff0c41344:726-731,1.0,0 
8c8e3756f1c2e33e2bdf17cff0c41344:748-749,1.0,-lnkIozCMR8 1MuOHFzb1sM 1YpTLHtIXRI 2Az5Eb2AF_k 4ucyijUtAag 6zw_p_RqeFg 8ak8odE3tTE 9TV13rBt5-8 Baju9rNQ9-U Dj7rf-biBzE FBp3IAq_MUU GiaWXbVe1rg HT8_mbJzAB0 LrNZ5U1bAPw MYk6TvK7c8o MeYXqGPZYW4 MkUNATz_qVE Nz2YILkL80I OiGWds12z7A PiWJ_EhbSRU Rh7SzAp6HqY Tns 
4fe4ce58ea9a75ded8483649b12d36e8:647-648,1.0,0 
5cd2fea084ba43772075df391ac3e27d:178-179,1.0,0 
2893787c9cfb5ea34e2788b225bd3c8c:18-22,1.0,0 
2893787c9cfb5ea34e2788b225bd3c8c:95-96,1.0,8X6vE_lQYzQ, an3a0_tW2Z8, cFe3-f6LcKI, DjNxG5KMteE, DwEGG-Ae5Ws, Igg_kNKZSU4, KWZqSE2BtOI, ODjWBzU7wEI, pUX0vPovuTk, QynqxxwxEmU, r3CpV3DILL0, rQYqfTJBvNo, XlFKywfEp-8 
2893787c9cfb5ea34e2788b225bd3c8c:181-182,1.0,63jC6naA8PA, 66M50Hpsmy4, 7GeEev2Zin0, dgXdsuXzmiY, g-hvjWTbX3I, HvNR5N8Aq7c, Ir-qOD1utKg, KpdJI8tuqw8, lprciVmaL3k, oRq8kVVhFaY, ouLEoPesO1s, pidU2I3rqko, rlL106FbzjU, SkgIMPxAsZk, Sl6ScLx9Jeo, Y3ap5iZeT_I 
2893787c9cfb5ea34e2788b225bd3c8c:190-191,1.0,0PMVf5Z9UFw 43tnUs7udeg 4TsFYgJ47y0 8PUArH1sUOs AOeA-6ShCbo BRKIsaD8sFU FdwRlmby_fE LMvUwHnxdDI O---rMZK-GQ WKyV0SkvD-U _XM_kA_n2LA _uHEL4YBhO8 nM59lm_xBQA sZpSckgjx1k vL8M-nbzFQ8 
2893787c9cfb5ea34e2788b225bd3c8c:193-194,1.0,0 
2893787c9cfb5ea34e2788b225bd3c8c:199-200,1.0,-LfSpuIdKBI -NTwzB7Z-BQ -hvcm-JTK-o 5EhcogLK7wo 5Ixx67BA0VE 7KNPx16eZA4 7NX5gqFzN-U 9UfrfAgWgBg 9aV5INrVo7I A1Hvc8SeAMo AOB5iKrYOoc CTqJ51M1HLM ChzwJIAqu2M D1sNrHM6jUc DMiIroKIKsw FfhBZB0Iv5k GDj8XYRrdwo GN-v0bMHkhA Gbr2UGbOHwc GsPCiG-lWZs HQL8ks9enFg HxS 
2893787c9cfb5ea34e2788b225bd3c8c:219-220,1.0,_5U13RzrLrw, _oez4lgkKy4, _oPOFqyGgAo, 0j3EH1StYrI, 0oSMxgtsj0Q, 5JTDWKfk2ME, 7z-WB2oyQAw, a8F_3BX8Oxo, AgeNCADTRSw, BGQwrVtCmjo, BiF0aXsw8Bg, cbhJY2CGTrg, D-_lpafEsl8, D6Mn2KdO-Ks, d9jHRjC1dyw, DF14pWoinTo, DQM0aiAnlRI, EMtcamcwK4g, f1zBixTibJY, fapW4G13BLc, FF6YyZqf0hM, G7u-owJR4qE, guVSUl0vmZI, IObcvqW-6wo, joQ1Z3yE_rk, K93WS1HlhLk, kH51vzpU4Dc, KW0bDQQ2a4M, n4N8Z1BDzE0, NAjHojzoZ5M, NF4nBm5fQN8, O0x3hjeQKhs, OORed4-ipm4, oU5BZQqWrzc, P-3EhvQtrS4, rB1l1JpywME, RfoYoiym0Ds, rRNWdd5MuYE, ry7-pgYGD20, SpFryOkhoj4, SPX5S8KD0xQ, TZsXW_Zbvtc, -ukVaCHpjgk, vBwEgITJJ3I, wkgHmn1ZlaY, Yi36Hqz2XbQ, ZSjFIPOJ39Y, zXHxnK4SFn4 
2893787c9cfb5ea34e2788b225bd3c8c:247-247,1.0,NcbTOYlgk-8 Tmm3x0h01ec _Auy40SMKQQ g2PNlxC56kY 
2893787c9cfb5ea34e2788b225bd3c8c:259-259,1.0,NcbTOYlgk-8 Tmm3x0h01ec _Auy40SMKQQ g2PNlxC56kY 
380b938d86a94c2c1c509da9ec6659fb:31-31,1.0,NdCCXdsXONs z63XY03zB90 
380b938d86a94c2c1c509da9ec6659fb:37-37,1.0,0 
380b938d86a94c2c1c509da9ec6659fb:175-177,1.0,msD1ENhpSGM oM6ac-2nyMQ 
380b938d86a94c2c1c509da9ec6659fb:385-386,1.0,4t1hi0LdqTU, FFzlRmcC00o 
97e2681293ddc2deda043c7ecad8e133:128-128,1.0,0 
97e2681293ddc2deda043c7ecad8e133:220-220,1.0,0 
97e2681293ddc2deda043c7ecad8e133:225-225,1.0,0 
97e2681293ddc2deda043c7ecad8e133:232-232,1.0,0 
97e2681293ddc2deda043c7ecad8e133:287-288,1.0,0 
97e2681293ddc2deda043c7ecad8e133:335-337,1.0,0 
97e2681293ddc2deda043c7ecad8e133:357-359,1.0,doF4D22XYtQ 
fecd0938974f710f8327b27d165d80e1:64-65,1.0,_umKiyaGowo, UKwQbFRHWs8 
fecd0938974f710f8327b27d165d80e1:109-110,1.0,JXx7qKe_11g NKzSo_gc1xA U2Q37jO35oI oBOaRwlnB0w xJdc-TqFZQI 
54aaefadd5bbb9be427be3a3608307da:30-30,1.0,Cb8_K9BrW-M K5QOdwgSWtY 
289ef4c8470c577980ef57017d6485ee:19-19,1.0,b3j71c5Z3vo 
289ef4c8470c577980ef57017d6485ee:34-34,1.0,b3j71c5Z3vo 
d582460523f924043faac5bc7dbeecfd:3-3,1.0,0 
8dc6d705bc17ffa0d60eb1c114883687:79-81,1.0,64j6xSkWDxw GLzw0uj9Mwc KLvgjMbBf-M WACbjsZ6lSM Wd1laEvdboU X-lY54Fgryk _kc_dHfh5OQ 
8dc6d705bc17ffa0d60eb1c114883687:83-84,1.0,64j6xSkWDxw GLzw0uj9Mwc KLvgjMbBf-M WACbjsZ6lSM Wd1laEvdboU X-lY54Fgryk _kc_dHfh5OQ 
8dc6d705bc17ffa0d60eb1c114883687:86-86,1.0,zM__IyIqlvo 
8dc6d705bc17ffa0d60eb1c114883687:219-219,1.0,zM__IyIqlvo 
8dc6d705bc17ffa0d60eb1c114883687:409-409,1.0,zM__IyIqlvo 
8dc6d705bc17ffa0d60eb1c114883687:447-447,1.0,zM__IyIqlvo 
8dc6d705bc17ffa0d60eb1c114883687:484-486,1.0,64j6xSkWDxw GLzw0uj9Mwc KLvgjMbBf-M WACbjsZ6lSM Wd1laEvdboU X-lY54Fgryk _kc_dHfh5OQ 
8dc6d705bc17ffa0d60eb1c114883687:528-528,1.0,zM__IyIqlvo 
8dc6d705bc17ffa0d60eb1c114883687:666-667,1.0,64j6xSkWDxw GLzw0uj9Mwc KLvgjMbBf-M WACbjsZ6lSM Wd1laEvdboU X-lY54Fgryk _kc_dHfh5OQ 
8dc6d705bc17ffa0d60eb1c114883687:675-677,1.0,DUZJC2C1cJ8 N4dGicyXIUw zg20YZj239M 
6adfd1f881b6c599c496f8312b2085c4:48-48,1.0,6sBv7noWuJY KiGQbZA8VyQ RLICHMPY1KI W4-fzaodn3M kM4vuegreqQ uUkU-Sx0ImY 
6adfd1f881b6c599c496f8312b2085c4:181-181,1.0,6oeJd1ng61E CZDCRzAvmvQ SnMd59fcUHc ZzN4UgcHLxI fq246tpowuw gWi234xnUCA hao4XiEIeS0 iCuijAaPD9I oMoqZsz46oQ pWtvpktIsm4 vppcpN5je48 wRLruAWivFA zKdAGLr1h64 
a56b29fd239cd87a4d2a47d16bd74147:33-33,1.0,NcbTOYlgk-8 Tmm3x0h01ec _Auy40SMKQQ g2PNlxC56kY 
a56b29fd239cd87a4d2a47d16bd74147:130-130,1.0,NcbTOYlgk-8 Tmm3x0h01ec _Auy40SMKQQ g2PNlxC56kY 
5105115daf7882ab35910950789ca11c:57-57,1.0,0 
5105115daf7882ab35910950789ca11c:80-80,1.0,0 
e4392a01cade93cc2d784e7f5626a70b:44-46,1.0,0 
316b1a162dad528d47e36edd3c344449:51-52,1.0,Oq6zcGDI24w, ySkfxllG40c 
41c762ce9fc168f6aaac0439ca571edb:107-110,1.0,0 
41c762ce9fc168f6aaac0439ca571edb:134-135,1.0,0 
ee7ff532cc529538e2095334ab0a1d0c:25-26,1.0,0 
ee7ff532cc529538e2095334ab0a1d0c:42-45,1.0,ofEm_taKED8 
ee7ff532cc529538e2095334ab0a1d0c:70-72,1.0,GipEQqiMZhc aJhzw6cV1Ts ofEm_taKED8 s3GVnxcz8NU 
ee7ff532cc529538e2095334ab0a1d0c:147-148,1.0,DJZpKMP_9bI XmD-rUyMWz8 dxlPXrNmC8k mrEkeRC16aw 
bd621418aec49d8f9567e14b0ab04e62:157-158,1.0,0 
e7e20c5a1558d59ffe74d05e87bde729:59-60,1.0,0 
78efc5e785a60f43f190efd2f26b1fa5:5-6,1.0,0 
56adb3f2daf94710f8a97d9f80013a0d:40-42,1.0,24S1FcZnU0U 
a8de78ed5f7e1355658e4f092bb947b7:27-30,1.0,0 
c8656fbae20f692e0f6af27b6f0a9a68:528-528,1.0,0 
141361c53f2549232d5993a511a31da7:13-13,1.0,1dXj_2rU4zA 1i4CAZfixL8 6gaSZrcfCUU GI0KWPsQbYc Rnja2vYwDFw azmyqpuDlbQ e4DmjkoUTaA 
c13a222b8e60faf890a2e30d2c8c4046:52-52,1.0,11KZohw8b0o 2zPB33x7kRo 
c13a222b8e60faf890a2e30d2c8c4046:76-78,1.0,0 
6fca64c7246679bd9639db6b77f41915:38-39,1.0,0 
6fca64c7246679bd9639db6b77f41915:59-59,1.0,WNzDp5depoc 
32bf75e467dc45991c62689c44d57cd8:17-18,1.0,0 
2be210a890a2bc75be4ef1e2a2a58f0c:84-85,1.0,QpcGpvmE3H8 
07ca9abc2ccbc47b1c0d6aea74f0c2a2:379-380,1.0,0 
0fd636bebca043fa5eeca614b1663c71:51-52,1.0,0 
0fd636bebca043fa5eeca614b1663c71:139-139,1.0,0 
971f3fa1c2c50d957500fd0f1bc38355:435-435,1.0,tt2XCenVh3s 
b646aa1a82492ac369115a8177b3f67a:8-8,1.0,NcbTOYlgk-8 Tmm3x0h01ec _Auy40SMKQQ g2PNlxC56kY 
2560d646d23281f54a1086fa0f480cc2:7-9,1.0,0 
2560d646d23281f54a1086fa0f480cc2:20-22,1.0,oIYXIlKgG_M 
98bf03f13fc44525e8cf5bb99192fa67:95-95,1.0,NcbTOYlgk-8 Tmm3x0h01ec _Auy40SMKQQ g2PNlxC56kY 
98bf03f13fc44525e8cf5bb99192fa67:217-217,1.0,NcbTOYlgk-8 Tmm3x0h01ec _Auy40SMKQQ g2PNlxC56kY 
1fe3886ed4af64d8d7714c827b9e7bd4:51-52,1.0,0 
81930f9263228f02f7c4384bf479146c:559-559,1.0,0 
81930f9263228f02f7c4384bf479146c:607-607,1.0,0 
81930f9263228f02f7c4384bf479146c:678-678,1.0,0 
520a21c6ab559e7cd4da063b13b52406:52-52,1.0,NcbTOYlgk-8 Tmm3x0h01ec _Auy40SMKQQ g2PNlxC56kY 
520a21c6ab559e7cd4da063b13b52406:231-232,1.0,4C68pBa4j2w 8wshudOfc4A VQM-CoV5AXc VqZDJd9gpj0 YgRAEz80s5c ioxQ9wsUI8A 
79a9e48a7ef38ff13c58ed8e41f71717:431-432,1.0,9Oc0ZZxbUR4, DX8WkKz-yrE 
79a9e48a7ef38ff13c58ed8e41f71717:448-451,1.0,0 
08a5a5e29ca82f9b744e6c7cbdd1115e:484-489,1.0,0 
08a5a5e29ca82f9b744e6c7cbdd1115e:506-507,1.0,-lnkIozCMR8 1MuOHFzb1sM 1YpTLHtIXRI 2Az5Eb2AF_k 4ucyijUtAag 6zw_p_RqeFg 8ak8odE3tTE 9TV13rBt5-8 Baju9rNQ9-U Dj7rf-biBzE FBp3IAq_MUU GiaWXbVe1rg HT8_mbJzAB0 LrNZ5U1bAPw MYk6TvK7c8o MeYXqGPZYW4 MkUNATz_qVE Nz2YILkL80I OiGWds12z7A PiWJ_EhbSRU Rh7SzAp6HqY Tns 
e66f81537483a2a52181450eddfb8115:221-224,1.0,0 
e66f81537483a2a52181450eddfb8115:233-236,1.0,0 
ec6d5ea9ece23a9a7f1835510fb441e2:1370-1370,1.0,9TV13rBt5-8, FBp3IAq_MUU 
cb156466f8421ba2ad953b3d92679271:48-49,1.0,j2UwJZmi5Y0 
cb156466f8421ba2ad953b3d92679271:59-61,1.0,0XlzEW-Fn8o 5M14rGOqhFU A2NIYGYjE0Y Cun4cCj8oDA F6Eg5wICrBg J1MuhuKe-1Q JZeQfWxlR_I KioezDlzlFg KtzpKl1sYFU L5sqyGWH8-Y Lpz52T_AMIA NYOkZW3Jq5s ObFyQ1aZ9GM QcNcPA7-oKw Tp5WAjyTmsA UQV6e_iseMU VXHgpz7aTac W7WHl8VNzak X-w-NPNVvpI XRvSNy8IS_Y YQqD7YRr9zY Zps-Cg9cn-I _F03c0NTxrY c8mFxsBlweo dgO-HoeIjWo dnLLh98TcKI eI6yNryHwUc h19npiyDC4g iUSuCY-mDPw nRMgS1I1PeU oHLy3oeA59M odbTMleFVXY shgrNogiD7o upokP3Psc9s w345GOG2QBY wi-y7Af9GJI wy80-kiSH_I 
cb156466f8421ba2ad953b3d92679271:102-104,1.0,4B9HW8gQT4U 5Gi0M8yELts Lr1FZhLOHvw OZvIUyiLRnM inSZP9y5Mtw wV8eVO9p8ks 
9e0ecbd7066b032de0ec3ef4b2e6a4ac:9-10,1.0,0 
9e0ecbd7066b032de0ec3ef4b2e6a4ac:13-13,1.0,NcbTOYlgk-8 Tmm3x0h01ec _Auy40SMKQQ g2PNlxC56kY 
9e0ecbd7066b032de0ec3ef4b2e6a4ac:76-76,1.0,Ymt5EbmrzII 
68db6ca144ca7bd6716ef4ccb6f3d939:10-11,1.0,ddPRptwm3Ys pKGSXNbtViM 
68db6ca144ca7bd6716ef4ccb6f3d939:43-45,1.0,0 
b486041a9965c370561898b499647753:75-75,1.0,LavVM6ZHxUE, StAU7a1LkQo 
20e78492c4db4f24415591ab2f811e10:189-189,1.0,0 
7e6b127bb93449fa62ba71b47b26f157:53-54,1.0,0RdgTwjRtFw, 142dW7FwKBQ, 57dGG-Ha11U, 5rObbiD7Q38, 7flu7XF0yog, 8BnBG5YNpKU, aNZ-e1IGem0, APKNpq4qKIk, bPcLTDM4jrU, Di7Y82SxQTc, ECqLqMuCVjU, EdrBUj0UxBI, gZH0XxTkGVU, hsPCQLK0Teo, KDHAWw9fQ-Q, KO3mZm1XRXY, kzFPLbiHk04, LbX2cM5x27g, LdF9hOMQBM8, mrPrHcWuj74, N0BksdSDp8w, ngsbh9Ft_6c, OE4ATl_9oK0, OItQZeL7hsI, P071ePDRdco, P-LDm7_9DxY, Rlc4irRWuno, RTS4PE1Ampw, -s1Hn3djyNc, U3Vf2Lh-68o, uHtU-IPNya0, Uol58AHKCvw, VtYRFYiRbx4, XrYQDy7vwLk, XsdaI6Wsx_M, Xy4gDZGngZQ, Y4ABI9d3FGY, Y7QnghtHN-Y, YAp4bQ50Jow, yCbqn5z0lzw, YFCOiutfNsg, yWepVclll-I, zeEMfGzwdyI 
320d5f7aa43f5918037eed9d9bd99583:545-547,1.0,0 
320d5f7aa43f5918037eed9d9bd99583:578-579,1.0,0 
320d5f7aa43f5918037eed9d9bd99583:954-955,1.0,0 
320d5f7aa43f5918037eed9d9bd99583:975-976,1.0,0 
320d5f7aa43f5918037eed9d9bd99583:991-992,1.0,0 
320d5f7aa43f5918037eed9d9bd99583:1417-1418,1.0,0 
320d5f7aa43f5918037eed9d9bd99583:2298-2299,1.0,0 
320d5f7aa43f5918037eed9d9bd99583:2301-2302,1.0,0 
320d5f7aa43f5918037eed9d9bd99583:2320-2321,1.0,0 
320d5f7aa43f5918037eed9d9bd99583:2334-2337,1.0,0 
320d5f7aa43f5918037eed9d9bd99583:2576-2578,1.0,0 
320d5f7aa43f5918037eed9d9bd99583:2638-2640,1.0,0 
320d5f7aa43f5918037eed9d9bd99583:2810-2812,1.0,0 
63a93146d89881c70d7f7c284db65b00:34-34,1.0,NcbTOYlgk-8 Tmm3x0h01ec _Auy40SMKQQ g2PNlxC56kY 
63a93146d89881c70d7f7c284db65b00:75-75,1.0,NcbTOYlgk-8 Tmm3x0h01ec _Auy40SMKQQ g2PNlxC56kY 
63a93146d89881c70d7f7c284db65b00:190-190,1.0,NcbTOYlgk-8 Tmm3x0h01ec _Auy40SMKQQ g2PNlxC56kY 
2d542b21c3d353a539308ed404f6a1e1:4-7,1.0,0 
7f41884e3f729e15bc3b1827b3e329df:28-29,1.0,0 
7f41884e3f729e15bc3b1827b3e329df:33-34,1.0,0 
09b9a06b44f4e2d52eea07f0d710b2e5:33-33,1.0,P2_qOy3nFf4 
e59a564f6d6f61985a8d450f5e7e4fe2:505-505,1.0,9TV13rBt5-8, FBp3IAq_MUU 
5bc5cc65991f5d7d5ac85786d07d92b4:32-32,1.0,4_fkJjlmmOE Lsxs30SueFc nduAyHsqRFg 
5bc5cc65991f5d7d5ac85786d07d92b4:47-48,1.0,0 
2b416dc14e35bcb68bdfc82690be537d:95-96,1.0,-eJJnrrh2g8 2tmTOj9Jc10 8C50WZrN6dI QMRFnSJN5T4 cAe5dkP2f3Y ep5DUjTTI2I oWAuijRMb3c pvHi1KI8ILQ tONnWfj3qdY uz-zmWB3arQ vR_DQswNwxc y0ysGT6uvKs zbgSkGh9698 
2b416dc14e35bcb68bdfc82690be537d:243-244,1.0,0 
0f963e7a387f594a4480d659240e9ed3:17-18,1.0,2Qv0xEKgQYA 8jO_u_ry170 FCjXEaLifaA HDzXDqM58WI KN-LgdXOAo0 NXkEbDhVshU NfL_F--Jf8M O5cuwK4-Pbw PjzBqBffm-U fJHmUuh7His istHWhnHiqw lbeM4MrejqM wpMNMQOaV08 yRdLJL2UZx4 yae8L05MzRY ynhWDy38r2M 
6b360544ba2b3086703a671ef29f05bd:56-56,1.0,NcbTOYlgk-8 Tmm3x0h01ec _Auy40SMKQQ g2PNlxC56kY 
6b360544ba2b3086703a671ef29f05bd:95-95,1.0,NcbTOYlgk-8 Tmm3x0h01ec _Auy40SMKQQ g2PNlxC56kY 
efca172add7123443a114d1d2bd9064c:11-11,1.0,0 
04443994bd3292a8e3940b429347d023:22-23,1.0,0 
13b5210fe8227946b61b7b477e9fd92d:11-11,1.0,1Rv5T7enWHM 7GzW3qmfgBk 7qMnvnNiHKI ARASDodBxDA GPLrEB8I4aU NHSczAQATdQ PBFRQT2ICNw X6U2r_Y9q-8 bOsHwWbDFOs f-6g-UqT81c mjt2W13djaM qAPeYKSBqHs sJ29vJvxfDc tOLDspuSr6Q ulmCh08UPAY wGeL6la0dMc y8ayNWmR13o 
f92dd07ccaf1ba7512f200d06a29f9c8:24-27,1.0,0 
2cc00597dbbc684da96e5db6b44de876:13-15,1.0,0 
2cc00597dbbc684da96e5db6b44de876:129-130,1.0,B_4-29bhl-0 E0uqeE-SRRg H5zkRyMXAOI LMw3sOlmtVY NsD_rHWqdq0 OSGIYkVCLJ4 XMgroQ5vFvI bivmuocPFRs qJMjDxNsJWc tT6tMj1QFtc 
d821e1c229e0140f404ce4f5145820fd:1-3,1.0,10eMeIQMWno 31oIhH-8hhs 5jlieSwynMc 7wH0MU1PM4Q 9R8jMQENYSE 9TzAcgCGQLA 9fzgo6xuzfg DlMcfIgd6pY Eoo45o6GejY GFtxlHikD3s GaFqbABmkto KUzxqVvFNRk OzHlwbcaow0 P1U7YJLsDVQ QS7_Ol2st4I XMG3vYsTEY8 Y2Sc0TUCxjE YLlhKg3Mguc ayCzGQMItuE dOOkCcx1GcA iedDteESOpc im6r-sikaIQ kswIvHppagY wurrVvSHPlU xdNfo90qx3Y zGUBDrzT5LA 
d821e1c229e0140f404ce4f5145820fd:15-17,1.0,10eMeIQMWno 31oIhH-8hhs 5jlieSwynMc 7wH0MU1PM4Q 9R8jMQENYSE 9TzAcgCGQLA 9fzgo6xuzfg DlMcfIgd6pY Eoo45o6GejY GFtxlHikD3s GaFqbABmkto KUzxqVvFNRk OzHlwbcaow0 P1U7YJLsDVQ QS7_Ol2st4I XMG3vYsTEY8 Y2Sc0TUCxjE YLlhKg3Mguc ayCzGQMItuE dOOkCcx1GcA iedDteESOpc im6r-sikaIQ kswIvHppagY wurrVvSHPlU xdNfo90qx3Y zGUBDrzT5LA 
d821e1c229e0140f404ce4f5145820fd:44-46,1.0,10eMeIQMWno 31oIhH-8hhs 5jlieSwynMc 7wH0MU1PM4Q 9R8jMQENYSE 9TzAcgCGQLA 9fzgo6xuzfg DlMcfIgd6pY Eoo45o6GejY GFtxlHikD3s GaFqbABmkto KUzxqVvFNRk OzHlwbcaow0 P1U7YJLsDVQ QS7_Ol2st4I XMG3vYsTEY8 Y2Sc0TUCxjE YLlhKg3Mguc ayCzGQMItuE dOOkCcx1GcA iedDteESOpc im6r-sikaIQ kswIvHppagY wurrVvSHPlU xdNfo90qx3Y zGUBDrzT5LA 
d821e1c229e0140f404ce4f5145820fd:58-59,1.0,10eMeIQMWno 31oIhH-8hhs 5jlieSwynMc 7wH0MU1PM4Q 9R8jMQENYSE 9TzAcgCGQLA 9fzgo6xuzfg DlMcfIgd6pY Eoo45o6GejY GFtxlHikD3s GaFqbABmkto KO76Oy2wMr4 KUzxqVvFNRk OzHlwbcaow0 P1U7YJLsDVQ QS7_Ol2st4I XMG3vYsTEY8 Y2Sc0TUCxjE YLlhKg3Mguc ayCzGQMItuE dOOkCcx1GcA iedDteESOpc im6r-sikaIQ kswIvHppagY wurrVvSHPlU xdNfo90qx3Y zGUBDrzT5LA 
d821e1c229e0140f404ce4f5145820fd:75-77,1.0,10eMeIQMWno 31oIhH-8hhs 5jlieSwynMc 7wH0MU1PM4Q 9R8jMQENYSE 9TzAcgCGQLA 9fzgo6xuzfg DlMcfIgd6pY Eoo45o6GejY GFtxlHikD3s GaFqbABmkto KUzxqVvFNRk OzHlwbcaow0 P1U7YJLsDVQ QS7_Ol2st4I XMG3vYsTEY8 Y2Sc0TUCxjE YLlhKg3Mguc ayCzGQMItuE dOOkCcx1GcA iedDteESOpc im6r-sikaIQ kswIvHppagY wurrVvSHPlU xdNfo90qx3Y zGUBDrzT5LA 
d821e1c229e0140f404ce4f5145820fd:107-108,1.0,10eMeIQMWno 31oIhH-8hhs 5jlieSwynMc 7wH0MU1PM4Q 9R8jMQENYSE 9TzAcgCGQLA 9fzgo6xuzfg DlMcfIgd6pY Eoo45o6GejY GFtxlHikD3s GaFqbABmkto KO76Oy2wMr4 KUzxqVvFNRk OzHlwbcaow0 P1U7YJLsDVQ QS7_Ol2st4I XMG3vYsTEY8 Y2Sc0TUCxjE YLlhKg3Mguc ayCzGQMItuE dOOkCcx1GcA iedDteESOpc im6r-sikaIQ kswIvHppagY wurrVvSHPlU xdNfo90qx3Y zGUBDrzT5LA 
d821e1c229e0140f404ce4f5145820fd:116-117,1.0,10eMeIQMWno 31oIhH-8hhs 5jlieSwynMc 7wH0MU1PM4Q 9R8jMQENYSE 9TzAcgCGQLA 9fzgo6xuzfg DlMcfIgd6pY Eoo45o6GejY GFtxlHikD3s GaFqbABmkto KO76Oy2wMr4 KUzxqVvFNRk OzHlwbcaow0 P1U7YJLsDVQ QS7_Ol2st4I XMG3vYsTEY8 Y2Sc0TUCxjE YLlhKg3Mguc ayCzGQMItuE dOOkCcx1GcA iedDteESOpc im6r-sikaIQ kswIvHppagY wurrVvSHPlU xdNfo90qx3Y zGUBDrzT5LA 
d821e1c229e0140f404ce4f5145820fd:224-225,1.0,10eMeIQMWno 31oIhH-8hhs 5jlieSwynMc 7wH0MU1PM4Q 9R8jMQENYSE 9TzAcgCGQLA 9fzgo6xuzfg DlMcfIgd6pY Eoo45o6GejY GFtxlHikD3s GaFqbABmkto KO76Oy2wMr4 KUzxqVvFNRk OzHlwbcaow0 P1U7YJLsDVQ QS7_Ol2st4I XMG3vYsTEY8 Y2Sc0TUCxjE YLlhKg3Mguc ayCzGQMItuE dOOkCcx1GcA iedDteESOpc im6r-sikaIQ kswIvHppagY wurrVvSHPlU xdNfo90qx3Y zGUBDrzT5LA 
d821e1c229e0140f404ce4f5145820fd:452-453,1.0,dxBarHpZp5Y 
d821e1c229e0140f404ce4f5145820fd:509-510,1.0,-lnkIozCMR8 1MuOHFzb1sM 1YpTLHtIXRI 2Az5Eb2AF_k 4ucyijUtAag 6zw_p_RqeFg 8ak8odE3tTE 9TV13rBt5-8 Baju9rNQ9-U Dj7rf-biBzE FBp3IAq_MUU GiaWXbVe1rg HT8_mbJzAB0 LrNZ5U1bAPw MYk6TvK7c8o MeYXqGPZYW4 MkUNATz_qVE Nz2YILkL80I OiGWds12z7A PiWJ_EhbSRU Rh7SzAp6HqY Tns 
d821e1c229e0140f404ce4f5145820fd:516-519,1.0,0 
d821e1c229e0140f404ce4f5145820fd:599-600,1.0,0 
d821e1c229e0140f404ce4f5145820fd:652-653,1.0,dxBarHpZp5Y 
d821e1c229e0140f404ce4f5145820fd:692-693,1.0,0 
d821e1c229e0140f404ce4f5145820fd:877-878,1.0,-MB_d_dwwd4 -ZsRT3kVUKU 0hXHOG9S6Ik 0q4cGyqsARM 17OmKvKJWRw 1c3x39TaRGw 3KJtVsC2_2Y 5iGv4eFHIpE 5ibtsOv_lXY 8zLLSKGb6x0 AhtlWMd2yJ8 Bfk-YirNo8k BjqzkTuqasI CnlC9uZq9js D5T3naApbfU G4iOly1oV_8 HWZVnDIYAFY KOVeoOXLQ84 Lc9R5CsDinQ MK4T3xXBqRE Ndw2urN3nEU Opf 
d821e1c229e0140f404ce4f5145820fd:975-976,1.0,0 
d821e1c229e0140f404ce4f5145820fd:990-991,1.0,0 
7ec31746c7891c162f88ea38ec4d94cc:16-16,1.0,EARFuCo7ApA 
7ec31746c7891c162f88ea38ec4d94cc:24-24,1.0,EARFuCo7ApA 
9db553f6b7a0b0df3c5d5e137ce8cbf2:19-19,1.0,inXbkB64N-Y 
9db553f6b7a0b0df3c5d5e137ce8cbf2:57-57,1.0,inXbkB64N-Y 
9db553f6b7a0b0df3c5d5e137ce8cbf2:218-219,1.0,-JzluQ5H71g 0zZJMNuyqrs 1Mzi20fIAKE 25A7iTZuz10 2wIuYIOM6Fo 36OWjGcWdgM 3RQXZ0LHQls 4Nl00hJOv1c 4cNdVS75NUI 4wrratkjJa0 5SGAxob_L1Q 60nSAx4MaHc 6w3LXr22NVw 7OG34FFQHr8 8qEyPSSEGIY 8stisDuHa-g 8vNHFqtHYMM 91V-ifotY4o BP9RRiGdO5s BcXiRaYXC1s CEs60nZ05Es COg 
225ed55f6f7a6a5020902196f8dae260:93-93,1.0,1LSCTvwQIUw, 3C0HGF0RjCU, 4Zi9PfB5-II, 9TUG1ZJVtPY, aNJmRUcKfj8, awuVB-_qclU, eB6lcTuEcgs, fdY4_aU--fo, g7e_08qbX_k, hF87mAillVk, iMeuTYz4AEs, jgLrC8ZakQs, PRLIEqm_lSI, qSTzfM_VuWs, RFcjbYVPd7k, rUHAixcfmt8, s6uBbX4Rr4w, tEzkXPs_OIE, wuD4SVqKB8o 
a6d6ea2c0fd774e967013e4bbf2632b5:169-170,1.0,0 
a6d6ea2c0fd774e967013e4bbf2632b5:175-176,1.0,3Bjpa8VXLj8 
a6d6ea2c0fd774e967013e4bbf2632b5:195-195,1.0,NcbTOYlgk-8 Tmm3x0h01ec _Auy40SMKQQ g2PNlxC56kY 
a6d6ea2c0fd774e967013e4bbf2632b5:199-200,1.0,-lnkIozCMR8 1MuOHFzb1sM 1YpTLHtIXRI 2Az5Eb2AF_k 4ucyijUtAag 6zw_p_RqeFg 8ak8odE3tTE 9TV13rBt5-8 Baju9rNQ9-U Dj7rf-biBzE FBp3IAq_MUU GiaWXbVe1rg HT8_mbJzAB0 LrNZ5U1bAPw MYk6TvK7c8o MeYXqGPZYW4 MkUNATz_qVE Nz2YILkL80I OiGWds12z7A PiWJ_EhbSRU Rh7SzAp6HqY Tns 
53c57affb336b87a09205f12fd97fb2b:3-4,1.0,0 
225f1f0f82fb80a91f97433f77b43762:19-20,1.0,0 
704cf122b312531677aa263bf58e3cc3:31-31,1.0,--8Mw_MOYyA 8KETFsuoP34 ODs7qfj7N6s akvAXDxd1FQ aolCAGC59Qs edO1WGb8RfM h9i-4ZOY00I kGFb4PXby2M ptBIkYDMNpo x4WAHQ5WYbE 
a456695f1b5fac5b8fdabcd2a9664591:1406-1407,1.0,0 
682bd63d6ebcfeeb071e436c389c070d:33-34,1.0,-RxdtyAqTpk CEe_n3VzN2U vpUHg7keJfk 
682bd63d6ebcfeeb071e436c389c070d:83-84,1.0,-RxdtyAqTpk CEe_n3VzN2U vpUHg7keJfk 
682bd63d6ebcfeeb071e436c389c070d:114-115,1.0,-RxdtyAqTpk CEe_n3VzN2U vpUHg7keJfk 
db7a9bf5a7ef1026a0b791d6c5566e79:77-78,1.0,-BG1RZA97js -Bpi-5iOF1A -DI84B_NJUc -GNU6Ed1sUk -GtbewaYCYg -IEK9oS3Wl0 -JKsebIKD1E -KglOk3oikg -Kjox_Vj_KM -OAxVPUBODU -OWnL-OGV3g -QjfoVsQhB8 -V5u5KUKz98 -_oGyTtW3XM -b69BBTWssY -bmV41Oq1GY -dsqzAxBch4 -ezNAEHDOJE -ff9BKCcltA -hEreJF1-uA -ho2zSXCJGY -rP 
63bf16f3fc8648b8ee9852a076b60a40:18-19,1.0,x_hvTmxIf1A 
76e1c5d3c6bdcc464ccf0d1a06a30f5e:13-14,1.0,0 
a0c0d3e3c4da1e67695387f5bbd38944:12-12,1.0,NcbTOYlgk-8 Tmm3x0h01ec _Auy40SMKQQ g2PNlxC56kY 
a0c0d3e3c4da1e67695387f5bbd38944:126-126,1.0,NcbTOYlgk-8 Tmm3x0h01ec _Auy40SMKQQ g2PNlxC56kY 
6a726f13dcd21e0066bc27bd9bcda843:53-55,1.0,0 
6a726f13dcd21e0066bc27bd9bcda843:57-58,1.0,0 
6a726f13dcd21e0066bc27bd9bcda843:60-61,1.0,0 
6a726f13dcd21e0066bc27bd9bcda843:63-64,1.0,0 
6a726f13dcd21e0066bc27bd9bcda843:137-138,1.0,0 
6a726f13dcd21e0066bc27bd9bcda843:143-144,1.0,0 
6a726f13dcd21e0066bc27bd9bcda843:191-192,1.0,0 
6a726f13dcd21e0066bc27bd9bcda843:197-198,1.0,0 
6a726f13dcd21e0066bc27bd9bcda843:243-245,1.0,0 
6a726f13dcd21e0066bc27bd9bcda843:247-248,1.0,0 
6a726f13dcd21e0066bc27bd9bcda843:250-251,1.0,0 
6a726f13dcd21e0066bc27bd9bcda843:253-254,1.0,0 
6a726f13dcd21e0066bc27bd9bcda843:304-304,1.0,0 
6a726f13dcd21e0066bc27bd9bcda843:306-307,1.0,0 
6a726f13dcd21e0066bc27bd9bcda843:352-354,1.0,0 
6a726f13dcd21e0066bc27bd9bcda843:356-357,1.0,0 
6a726f13dcd21e0066bc27bd9bcda843:359-360,1.0,0 
6a726f13dcd21e0066bc27bd9bcda843:362-363,1.0,0 
6a726f13dcd21e0066bc27bd9bcda843:399-401,1.0,0 
6a726f13dcd21e0066bc27bd9bcda843:403-404,1.0,0 
6a726f13dcd21e0066bc27bd9bcda843:406-407,1.0,0 
6a726f13dcd21e0066bc27bd9bcda843:409-410,1.0,0 
6a726f13dcd21e0066bc27bd9bcda843:467-467,1.0,0 
6a726f13dcd21e0066bc27bd9bcda843:469-470,1.0,0 
6a726f13dcd21e0066bc27bd9bcda843:534-536,1.0,0 
6a726f13dcd21e0066bc27bd9bcda843:538-539,1.0,0 
6a726f13dcd21e0066bc27bd9bcda843:541-542,1.0,0 
6a726f13dcd21e0066bc27bd9bcda843:544-545,1.0,0 
6a726f13dcd21e0066bc27bd9bcda843:675-676,1.0,0 
6a726f13dcd21e0066bc27bd9bcda843:681-682,1.0,0 
6a726f13dcd21e0066bc27bd9bcda843:744-744,1.0,0 
6a726f13dcd21e0066bc27bd9bcda843:746-747,1.0,0 
6a726f13dcd21e0066bc27bd9bcda843:930-932,1.0,0 
6a726f13dcd21e0066bc27bd9bcda843:934-935,1.0,0 
6a726f13dcd21e0066bc27bd9bcda843:937-938,1.0,0 
6a726f13dcd21e0066bc27bd9bcda843:940-941,1.0,0 
6a726f13dcd21e0066bc27bd9bcda843:1064-1065,1.0,0 
6a726f13dcd21e0066bc27bd9bcda843:1070-1071,1.0,0 
6a726f13dcd21e0066bc27bd9bcda843:1178-1180,1.0,0 
6a726f13dcd21e0066bc27bd9bcda843:1182-1183,1.0,0 
6a726f13dcd21e0066bc27bd9bcda843:1185-1186,1.0,0 
6a726f13dcd21e0066bc27bd9bcda843:1188-1189,1.0,0 
887ac4b4ef774634d983e392ee834d40:8-8,1.0,0 
0fd369a4d2e6b2c859b9e2f3151082c0:619-619,1.0,0 
0fd369a4d2e6b2c859b9e2f3151082c0:675-675,1.0,0 
ebcb1cec4c13d53526af4f10d06ee0fe:113-115,1.0,0 
ebcb1cec4c13d53526af4f10d06ee0fe:128-129,1.0,0 
ebcb1cec4c13d53526af4f10d06ee0fe:139-140,1.0,0 
ebcb1cec4c13d53526af4f10d06ee0fe:165-166,1.0,0 
ebcb1cec4c13d53526af4f10d06ee0fe:483-484,1.0,8X6vE_lQYzQ, an3a0_tW2Z8, cFe3-f6LcKI, DjNxG5KMteE, DwEGG-Ae5Ws, Igg_kNKZSU4, KWZqSE2BtOI, ODjWBzU7wEI, pUX0vPovuTk, QynqxxwxEmU, r3CpV3DILL0, rQYqfTJBvNo, XlFKywfEp-8 
5af7fde5f0996346bf9feedce7b9214c:51-53,1.0,EKd9lFWWcMo, Yt6Escem2qw 
9f3d174fe6fdae48f32905fa8e383abe:14-14,1.0,0 
9f3d174fe6fdae48f32905fa8e383abe:27-27,1.0,CQR8tsZfFXY xwkRXd7CMDY 
9f3d174fe6fdae48f32905fa8e383abe:30-30,1.0,ubgMnS2u8xk 
804cb50fb05eb86db516f428a6eebe9c:634-636,1.0,0 
254993a125d606195c3124aa5865865b:18-19,1.0,2EO6V4MDbnc, 5IlsfGSF2YQ, A3Qlh9tqKi8, Aj3NDZVqcCk, fo2B2ClLXTk, fsEU5yXMM-0, nbfVI79QrKA, NQgJPZvDcCc, PlK-tNXGIL0, sJQU8XIGHZ4, TBY1A2qIo2Y, vDP2oik_tP4, vMNobti8JcU, WB9thjoGGAw, ybueRddS8x8 
71f814b17c773ea7e8c29c251e9bcd2b:106-108,1.0,Pi8AzFDM2Ww PrcMxNw0XXk RDBDQchq4co SsCkctIpKd0 yiUbiXSdHbM zxvx9FezE_8 
71f814b17c773ea7e8c29c251e9bcd2b:1005-1007,1.0,Pi8AzFDM2Ww PrcMxNw0XXk RDBDQchq4co SsCkctIpKd0 yiUbiXSdHbM zxvx9FezE_8 
71f814b17c773ea7e8c29c251e9bcd2b:1042-1044,1.0,Pi8AzFDM2Ww PrcMxNw0XXk RDBDQchq4co SsCkctIpKd0 yiUbiXSdHbM zxvx9FezE_8 
dddbc5b9a36c6efb9454837d3a2a0f98:13-13,1.0,0 
9f32c8573699d79cee0558475ad8d6d1:165-166,1.0,19lL1As7o10, 3VvviWwT-10, -4A3o_u9WUc, A8va8IQkMQc, aI_lIpP4_N8, Bw4uW5_L8o8, iUh34R3RlbY, mr4qPnIagks, s3SBDpqXXD0, Z-Hvv6PIUjI 
fbd3e74e8c5da6feec01b619d74f8c77:13-14,1.0,0 
e895a4a81f73775762646d3cc540a15b:213-213,1.0,_dB4u8nrhrM, 0UYQ91qzsqU, 33Y5yiYM9UY, CG9ANn5hkVQ, D54085JBeC8, fpSiwLdQgYo, fvrsvX1ScEg, gDAQTtXTkI4, HOORUTskwsI, L4jgWpZFjIg, Lyzv7Db3tk8, QTWnP5x_pbg, XycPuebQWBQ, zAm-_RVY4_A 
a4bbd8616f7cc9c7a8adf7e4130670dc:12-12,1.0,0 
a4bbd8616f7cc9c7a8adf7e4130670dc:25-25,1.0,0 
a4bbd8616f7cc9c7a8adf7e4130670dc:95-95,1.0,0 
a4bbd8616f7cc9c7a8adf7e4130670dc:110-110,1.0,0 
a4bbd8616f7cc9c7a8adf7e4130670dc:339-339,1.0,0 
a4bbd8616f7cc9c7a8adf7e4130670dc:346-346,1.0,1dXj_2rU4zA 1i4CAZfixL8 6gaSZrcfCUU GI0KWPsQbYc Rnja2vYwDFw azmyqpuDlbQ e4DmjkoUTaA 
a4bbd8616f7cc9c7a8adf7e4130670dc:410-410,1.0,0 
a4bbd8616f7cc9c7a8adf7e4130670dc:440-440,1.0,1dXj_2rU4zA 1i4CAZfixL8 6gaSZrcfCUU GI0KWPsQbYc Rnja2vYwDFw azmyqpuDlbQ e4DmjkoUTaA 
83f6a75c646cf993b49d546f06a8a7fe:282-283,1.0,0 
159828a9dda4de604ebf70d24e739371:16-16,1.0,0 
159828a9dda4de604ebf70d24e739371:26-26,1.0,0 
159828a9dda4de604ebf70d24e739371:30-30,1.0,0 
159828a9dda4de604ebf70d24e739371:72-72,1.0,0 
159828a9dda4de604ebf70d24e739371:109-109,1.0,0 
fbe17a5dcf7fcdc53d2bf6c8bc90bdd9:3-4,1.0,0 
8d6a1fb3ddd88c9dac165382f9072610:846-849,1.0,0 
e7077146f83527e48c686c0c11296ad5:189-190,1.0,LzS6Iue8DC8, TT6CAqJCzJQ, w3e5kxWybEU 
e7077146f83527e48c686c0c11296ad5:235-236,1.0,LzS6Iue8DC8, TT6CAqJCzJQ, w3e5kxWybEU 
836e9bd45f4c84c61b7171355c011d90:86-87,1.0,0 
836e9bd45f4c84c61b7171355c011d90:413-414,1.0,0 
9f6ace6c86bd36fbed8e5bcd8be4d197:153-155,1.0,0 
9f6ace6c86bd36fbed8e5bcd8be4d197:267-269,1.0,0 
9f6ace6c86bd36fbed8e5bcd8be4d197:272-272,1.0,0 
93629a195d8ff6fbc041cfcd9de025dd:30-31,1.0,-88yng8jZW0 -ZFcQy1hvPo 005o286wsG8 0HvrgLyqDy8 0tQWZJ8mW5g 0uVmwazjX1Y 1EyJXpSkvpg 1V1kqO9GAIY 1ku-FCuzeIM 1z0YAZds2hQ 20YPPjQ9xX4 276NKSoAgQA 2l0AlQ31ZC4 2oyjkJfCX78 2v411NLEOU8 2wxfBGG0Bfg 3LLizA9q4wU 3avp-3Ghmr4 3rtzN_cgP7c 43vnzOVUVYM 4ECqhm-R_7E 4ln 
25e2e140af776b7229291624369d7266:70-70,1.0,0 
25e2e140af776b7229291624369d7266:152-152,1.0,0 
3e37c228ef779807c1b19e71625125f0:571-572,1.0,9Oc0ZZxbUR4, DX8WkKz-yrE 
f7dc2aa035b3a59d9d913c16be94ff8d:133-134,1.0,63jC6naA8PA, 66M50Hpsmy4, 7GeEev2Zin0, dgXdsuXzmiY, g-hvjWTbX3I, HvNR5N8Aq7c, Ir-qOD1utKg, KpdJI8tuqw8, lprciVmaL3k, oRq8kVVhFaY, ouLEoPesO1s, pidU2I3rqko, rlL106FbzjU, SkgIMPxAsZk, Sl6ScLx9Jeo, Y3ap5iZeT_I 
a00ecc88416592c9af99ec1de84ff082:993-995,1.0,0 
c2fd4b6be8c0a279837a85de05b70329:2-2,1.0,8nCoJuhPPek E-wg74XugpE Wg2IjZAN5WU b4Pt2xs4Xjc rfUsgAbHsVQ 
b95d498cef7ed311b74d903edb421b27:18-19,1.0,0 
2369aa41d0c7f5ee9a42624f41546d21:11-12,1.0,8X6vE_lQYzQ, an3a0_tW2Z8, cFe3-f6LcKI, DjNxG5KMteE, DwEGG-Ae5Ws, Igg_kNKZSU4, KWZqSE2BtOI, ODjWBzU7wEI, pUX0vPovuTk, QynqxxwxEmU, r3CpV3DILL0, rQYqfTJBvNo, XlFKywfEp-8 
ff436ba13f99726c5c1cea27b71248c7:40-40,1.0,0 
ff436ba13f99726c5c1cea27b71248c7:60-61,1.0,9Oc0ZZxbUR4, DX8WkKz-yrE 
ff436ba13f99726c5c1cea27b71248c7:207-208,1.0,0 
ff436ba13f99726c5c1cea27b71248c7:243-243,1.0,0 
3a99ba9561aaef62501f9490779bbe99:0-3,1.0,0 
3a99ba9561aaef62501f9490779bbe99:20-23,1.0,0 
3a99ba9561aaef62501f9490779bbe99:77-78,1.0,0 
3a99ba9561aaef62501f9490779bbe99:81-82,1.0,F4w_vI6l6W0 UNl74e_EDPU 
3a99ba9561aaef62501f9490779bbe99:84-85,1.0,RS_R1niWLPo sHXBOUcd11E 
3a99ba9561aaef62501f9490779bbe99:213-215,1.0,Pi8AzFDM2Ww PrcMxNw0XXk RDBDQchq4co SsCkctIpKd0 yiUbiXSdHbM zxvx9FezE_8 
3a99ba9561aaef62501f9490779bbe99:435-440,1.0,0VlvDe6lFMk 1CAi5zfJ8SY 1DGMsw_DqDQ 23SIps-_F50 42UHyTbyOQQ 63xwAa4Q_s8 6MkCw4zn1jg 8EFzoaWKaqo BTXBbgs4gpo D98slfwTmG8 EgcWFSWgpKY NT2wlsoRRdg PeSTk2PyFw8 Pi8AzFDM2Ww PrcMxNw0XXk PuzTKahdqVI RDBDQchq4co SsCkctIpKd0 _GuZbFt6z-8 g52nB9XiLvE gDFaEgtB7b0 hDkP1-OqaCA l3WTnWbaEFY msVowkhYxwI nMBe3yS5yv8 oye-AnJw3-s sEI9u8GnoRU tO3VEywFSXY uJUGASOdkp4 urJhj2hadnw vTQyQeq7eis yiUbiXSdHbM zxvx9FezE_8 
3a99ba9561aaef62501f9490779bbe99:683-684,1.0,9S0DhKjAkwo _KyEpDlfiYw dBuVaUT1xs8 sjNOa1vu6NY 
7b465aa355535d76323c0f89dfbec8b5:199-200,1.0,-JzluQ5H71g 0zZJMNuyqrs 1Mzi20fIAKE 25A7iTZuz10 2wIuYIOM6Fo 36OWjGcWdgM 3RQXZ0LHQls 4Nl00hJOv1c 4cNdVS75NUI 4wrratkjJa0 5SGAxob_L1Q 60nSAx4MaHc 6w3LXr22NVw 7OG34FFQHr8 8qEyPSSEGIY 8stisDuHa-g 8vNHFqtHYMM 91V-ifotY4o BP9RRiGdO5s BcXiRaYXC1s CEs60nZ05Es COg 
23c4cf0d73275c2d45e8ee8b7f616110:35-35,1.0,0 
cbf34c74dc113cf87421b3e03d02e95b:96-96,1.0,1LSCTvwQIUw, 3C0HGF0RjCU, 4Zi9PfB5-II, 9TUG1ZJVtPY, aNJmRUcKfj8, awuVB-_qclU, eB6lcTuEcgs, fdY4_aU--fo, g7e_08qbX_k, hF87mAillVk, iMeuTYz4AEs, jgLrC8ZakQs, PRLIEqm_lSI, qSTzfM_VuWs, RFcjbYVPd7k, rUHAixcfmt8, s6uBbX4Rr4w, tEzkXPs_OIE, wuD4SVqKB8o 
ecc336d9ff7a84b8b31153fee10c38b4:99-100,1.0,NtJlUYcHQ70 
