id,documents
9831f816cd3678a10993e13b1b0f0c00:45-46,0
8c8e3756f1c2e33e2bdf17cff0c41344:1-3,0
8c8e3756f1c2e33e2bdf17cff0c41344:38-40,0
8c8e3756f1c2e33e2bdf17cff0c41344:87-89,0
8c8e3756f1c2e33e2bdf17cff0c41344:101-103,0
8c8e3756f1c2e33e2bdf17cff0c41344:415-415,0
8c8e3756f1c2e33e2bdf17cff0c41344:438-443,0
8c8e3756f1c2e33e2bdf17cff0c41344:444-449,0
8c8e3756f1c2e33e2bdf17cff0c41344:451-455,0
8c8e3756f1c2e33e2bdf17cff0c41344:494-498,0
8c8e3756f1c2e33e2bdf17cff0c41344:529-530,RgKfuLlgHtQ
8c8e3756f1c2e33e2bdf17cff0c41344:532-534,0
8c8e3756f1c2e33e2bdf17cff0c41344:726-731,0
0f963e7a387f594a4480d659240e9ed3:36-37,0
fecd0938974f710f8327b27d165d80e1:97-101,0
520a21c6ab559e7cd4da063b13b52406:171-172,0
520a21c6ab559e7cd4da063b13b52406:231-232,4C68pBa4j2w 8wshudOfc4A VQM-CoV5AXc VqZDJd9gpj0 YgRAEz80s5c ioxQ9wsUI8A
97e2681293ddc2deda043c7ecad8e133:143-146,0
97e2681293ddc2deda043c7ecad8e133:335-337,0
8dc6d705bc17ffa0d60eb1c114883687:79-81,64j6xSkWDxw GLzw0uj9Mwc KLvgjMbBf-M WACbjsZ6lSM Wd1laEvdboU X-lY54Fgryk _kc_dHfh5OQ
8dc6d705bc17ffa0d60eb1c114883687:665-667,64j6xSkWDxw GLzw0uj9Mwc KLvgjMbBf-M WACbjsZ6lSM Wd1laEvdboU X-lY54Fgryk _kc_dHfh5OQ
6fca64c7246679bd9639db6b77f41915:38-39,0
db7a9bf5a7ef1026a0b791d6c5566e79:77-78,-BG1RZA97js -Bpi-5iOF1A -DI84B_NJUc -GNU6Ed1sUk -GtbewaYCYg -IEK9oS3Wl0 -JKsebIKD1E -KglOk3oikg -Kjox_Vj_KM -OAxVPUBODU -OWnL-OGV3g -QjfoVsQhB8 -V5u5KUKz98 -_oGyTtW3XM -b69BBTWssY -bmV41Oq1GY -dsqzAxBch4 -ezNAEHDOJE -ff9BKCcltA -hEreJF1-uA -ho2zSXCJGY -rP7fIM8YBA -tJuOM17LrI -wuM021V1BI -x31G4bCfZw 0-KjrHAIkqg 03ESZEesB8o 04l53MqHoz4 06izNc5yiHY 0AVREf8G0qI 0EYFiXnySHk 0LssNtGaAmQ 0P_Kk-czJh0 0WeoXNrnB7I 0cCCOoaBSos 0cWomrjbrLE 0dvvsRstH2Q 0gooqQB8G_U 0j9F-9tzOoY 12JWRWDb2JQ 12bdOXg-GXc 15P5ftANJl8 17KEZ-RiR64 1HaVPT8MQKE 1IKN0XZd400 1New4pGxZA8 1aQJbf8t4WY 1aZQIKzDdOo 1bix-0rjDDg 1fG14mKmYwk 1g_iAT_hWzI 1ggnFZUUoBM 1hZRmzvQRm8 1i3XlNFAHC8 1idGqOAMvl0 1ikld4976xM 1k1SmIcndUU 1mbfonyIXv0 25p6IHoSXYU 272UNSftFpo 2AyPpe8pUlY 2CDWh4WhwoE 2CWwQ9aLNeo 2GQWKXQfmqs 2HjUSwCwyQY 2Mt2PNRUqOI 2O8HVpfUlH0 2RC5m4YgNxU 2RwAonki45I 2UVrSoVzTvc 2XTnR-zLUVU 2a8Eq5TZtL0 2b6c8qqhu_s 2eqXrWqTQXI 2hIlsIExglU 2hjjDe1RfnE 2n_D0U_E780 2oQx1mrSIxg 2ogwyMJjj7I 2rBRHseQgzI 2rrgby5ac3Y 2wqq1zIYSuU 2ybqHbJqSNU 3-FpwgZfnjA 31vojswDBms 32lzPHaOFTc 3CsKOZJWJ98 3CuXJLfXiWk 3EVy3HbVcE4 3MOvggi-l20 3NvPO0Xr86M 3O7r--ABZ9Y 3ViytEIByMA 3Xg6MUZJSMQ 3nwZs52rDLA 3qYrEQu9VU8 3ssOxccSgXo 3tIw9Oeg5Cw 44AXevNa8eg 45KBx3TpAW4 46cE48cwjE0 48ShQX3mNKc 48_tbH_ynGA 4Bu7bQjGVJg 4DIDuOmyZ8Q 4GNUkgJAjxA 4JUvijAXyLM 4LBLXC_dpLY 4Mm8qhkWYLQ 4O5JjBR4jVE 4Rtb9KeMjVA 4SYeNyky2E8 4eF1r3FobEc 4fKcuAKaAv4 4gTsoB8U40Y 4ipSMVW1tVs 4irIlQtiEMg 4rukcGFYmpM 4t7nWesEJ_o 4uXZdqhBwvw 4vKwx0xP73M 4xdxyAZQYh8 50KqGACQ3Kg 5A_w_7z2Hho 5DAMxOHLtEk 5DWV3FkStrE 5J4yiQK8piM 5Kia89Kk-BU 5KrLyxgV9w4 5M2Uc0kSqZI 5MiOLZ-J4Gs 5U8R7WDbRlE 5XeTPTxi5cM 5YTp6UkzXVM 5Z_8Z_KqYn0 5aSkzDkgfqg 5bAwVyjL4xI 5gMC8ik80Hk 5h5RxMC2Uqc 5j3xiiZvur4 5lRX0NSVHZg 5vzH7QztETM 5wWdxxae7KQ 5wp9T_gTjpE 60SBfto30vo 60XL-2owdJM 63BEVzithUw 653DmOtuUbc 66tdOrwqNZc 67O8mnFHxMs 6Dqv-rctL5g 6GPPsn2Sb0Q 6Wh29i3xfBo 6Zp0oA_sYmY 6d2__YrTaPM 6f1zg_Olm_c 6g6FY95DVRk 6i64KMKVuuk 6jieyVUOKgM 6lJ0HN04sAg 6lLJF4LOC1g 6o_VlegDg1g 6pY8cYZE01U 6u28cVd4mg4 6vEw5cDD7hQ 6w4Ci0VtIz4 77dYgU79xtQ 7DGbWFkb7zI 7EBphbdE5b8 7FLByK9y-vA 7GF76do_h68 7IEgJdqIMEA 7L3-Iz_7ZsU 7RxtKxMVgNc 7WdtRVi74T8 7enf4RYbYJY 7hGi-doAVLA 7iklFyHsxuQ 7jeu75KhL34 7mGual38kwg 7nuuZWBlRCU 7zWGUvVyfwk 82yv16CIzuw 835tdupjT-E 8BhX1jPoAno 8HEvWl3KF3I 8MbFZ7jmMLw 8Q0LErXV-eM 8QJ6eJ1VO20 8Sc0iUp91NI 8T09dDg9r8A 8Tt3wzmL508 8V3qniHoYoc 8Vfwa1ExqLU 8VnyRVdW4tg 8aaY_VTB0CQ 8dKVUF4mNP8 8i94Xkxo55g 8qQmgEcVSsY 8thJSgs0Vy0 8uK7e7wv2mA 93Tp9bRjSiw 9EIZMnE8rOw 9EtL6Pfxyf4 9KBKIBcDcH4 9KgfvNwT8gA 9TF2Zv82VhM 9WlpUFnkGDU 9ZrqN2RzN5I 9iSv1Qsbyto 9jf0B-dR6o8 9kYC8zYWLVg 9laOQ4OZMQ8 9njd6AFFT7U 9wW2_duQo10 A--hfHxUlvU A-Dk0IsLlVs A49oilHpxzY AFgf4bD2thE AGmF_TN7jjk AKh9iencIrI ALbZuS4NCtc AaTQD1eF0mk AcHXuYlCIdI Ad2Wo3fB4_o AdGLlWOYZrQ Aoc_Wz6jUUg ApE3A9p7BJU ApNBRSxTxCY AqeF5GE8SXA Aqw-XTTqXqE AzXdFpcWXtM B49dCmqVRBQ BAPk7YtjHqA BFGNSyAtlt4 BIPVWSTmwyE BMF4QsgDdis BMzsj7I6WVw BO4HfSccByU BOJn_ZAqgHU BRjuaGrwvWI BS7Q6DwcacY BVB6lOaCx5w BVCHk3QJnY4 BVXN_Kqtu8c BmQZrbLYJl4 Bnb9oTnRNWI BncFWfudYGc BvVbUDb80Us C3Rebcxf_ig C4XGDGLYHNU C6CzrIOZGCI CAynMvmYePU CB2S0GGt8pw CB_-rF99yDY CHQRBeVmYjw COQNisi5kxs CPxOUHOd2Fs CQdnrMNVsjM CUsdr_VhpAE CaqlKJkZMoo CeXyEQIDx8k CjZzkKuNTW8 Cla40B3IHM8 CnIosm_CzQo Co3TgKSox1E CrJjXUVR1UQ CtHMphjl3YQ CwMybE8f-Ek D16KzdAnc44 D1xpHSF_spU D6GpI-SBKgs D784iQnxIY4 D8VFuS_rcdQ D98hDk04zhM DG0lrwiufkQ DJfdp1CgJWQ DKLZsAELJm0 DLnUks7xNjY DMFHOVbZ2AU DMK3z0XPTBA DQBhmmH9rT4 DYAChe3_I6g DiRCn8-OGOQ Drp7Xu3yb4Y DtRAVAwOIrU E6iFKXLvzK4 ECYIOSZJOnU EGhuHybU8Rg EGs_Ur64R44 EHNEzcNb4Gk EIrLbsNuD3A ELFn6icetgE EMREkgmCen0 ENLbnuaJfg4 EW3xAk_D58w EYWatYY410o EagN4Ozb83s Ebvvi9kIzC0 EcI10Gx-WwU EdxXKhP2Lp0 EehjdMRd3BQ ElJF__8lCsk EnmUl0QKVHU EpkrtX989r0 Ex62vU79pco EzN9C5AbbvU F-9U-3b9-SA F-dADu7H5kE F1wNF4srCDI F3qKqpBG44Q F3v8tUxEFWc FADES_gmyOI FDBHino8UFc FDsAfdCFeAc FFCyCN8kqVk FKq7c-CDUBM FN4N4ROG8R4 FOrzhU9OXg0 FPado-pY9HM FSWbgtJdtww FTnFz6jzeio FTnylhZl7A8 FUYHKqVAIn8 FVrKlY9NcOE FYtpBZ3gw8o F_CP1ImuFgE F_g9bxqxVJU FbXTJR-8pJ8 FcFDuhLuCM0 FcUyzlTQAVw FecmrxKXh-A Ff1jfirllNM FfEmA2fC0XQ Fl88ebTI3X4 FnxZlOcHN_g FpEce_W7SYo FrB4EU2BXlc FvDPJe2BIeY FwPWuZ3rzS8 G-pAraWmJ0A GBiXT52DCdY GFtPJ7PafS0 GI1ENTfENo8 GMGlKkX9YQE GPAoHTqK154 GVDq5So8xR8 GhdCf53Fb7c GjXeZgpledw GtlkYOvCb0c H4D0jYAU2yk H4mX6MqO-GY H9sBKUQipeU HBWV0u3fLOg HERAYZ4F4NA HGmt3UtNUto HO0MbF9oD3U HPWxpT8JJ2U HQLSgYMnLvQ HRTj36f-_UI HcJIRMh3shs Hct7GlWwy5Y HfC6dB3Lxt4 Hg0Onojzg7s HiPY9-8DZWA HnEYtKJF1_w HoNGCto8r3k HomD3cpmmx8 HzI4YXESNYg Hz_5Pxi8ST0 ICH-H2poMmE IJY9zFcPJ6Y IKpwGN6sFJ4 IL4gm4EAeac IL9dGGLiEYY INzwLzCrQoA IQ5EsfntPDA IZZqdvxRrms IZpkrsHSr5o I_QvaEVCTgE IaJAnSCe6MQ IdGZSNSqPmA IgUZsy6BeAY IkpSYcOxBj8 ImtDVhKyjDU IxpMi6CBQ9k Iy8dxmZH6U0 IzXs4n7pAVw J6h-Huzc2I4 J79kEpJa0Eg J7kPBZCzEXI J9nofUpvxk4 JCAR9e-pUkU JGUSXHmb9Jo JINBeitdamQ JJRAOJZOSEA JY3ukxTYShE JZntWN9tTTk Ja4ZiqyUqko Jn8VS9yl4Qc JwtRWeCyaEI K-c0oQItfLM K1_5ZhFTWSk K59hZ3zfdIs K5qbeA-yu74 K75F7I6y6es KBpit-xa_zY KEft8peRSCY KG4klSl6NBE KGDOi1zKS3E KHkjrPaV03I KMRhoVNHfC8 KMbepMSOtQ0 KUdNotQc7eg KVopcwzWg_8 K_1imrb_VQs KdUBK7OugtU KiE4hu2CIuw KkOHD6fBToM KnEHo-B2Ik8 KrJVgr_lHUo Kv-a0WAHoKg KyQbHZlZsDk KzRw4tHj-ag KzSFdURb5Wo L3-eL4mvVJI L4oub8hnRcs L6CzvmLTEDU L9EbJKrF1Z8 LFEzUUmIyAs LGsKXbzka20 LHNOYWpyqvA LHsEIUIPdJU LJKe2_vDpc4 LNelGppntrE LScXrHS1Zxw LU_Yhz7Oelk LYOPWHby1EQ LdV_XsqEiwE LgmTTCklPUU Lh7UUXxnoPs LjYZN1A1wQQ Lj_bjoz1Chw Lk-x6lfDoAE LomalsXEpW8 Lpqgi-PZJME LptQLAIVeLU Lq0H4dSzGqE Lv67yclPlC0 LvnHPMFprOQ LxoogI0DN2c M44RKwF4N_4 M5y-xevoTdY MAGnxDalYqE MCBmds-ZrtM ME1l9spjOVk MFpUNKu_YSg MKptiVsNs3M MMOGo-1DUWY MRd2Y3aWNik MUH_q1xgOr0 MUmlbXYVSvE MW7KG7pK3Js MdmAhRQ66Bk MfhYLl3C9aE MgkDKNlZNhs Mk0V35kMzaE MlIEponL44g MliWMfOyL5o N7ZZ0NU5VIk NAzobls8sIo NBkXqsbVRVs NCu8M_NA0_g ND0vkSwcfjM NHVmEDibCD0 NJcYQBoexR8 NJoa9rWzLNo NMseIRbHj7c NOLfCGTiJmk NWrnz9mEACQ NYdTlrLt2FE NfmLJen2aNs Ng8UEF9LjaY Ng9S9MFPtAI NiqfpIuPTX4 Ntzh36x0MzU NvBQ4_9Fdhc NvagjTaKrw8 NxRQBKi7pCA Ny6B9zevpyI O0VFNK4ekL4 O7QUFE6b5E8 OAYjfbDUXaU OBTIZFRnfik OHscVzb99Tw OK0Dfk-6oLg OQfHD3NcvW4 ORKZI5O0um4 OS7b7zZko8E OU-CZ8zjrHg OUpsQMtkGVk OVGTwa2rlec Od15g5sQPk4 OfoO4FUqT5s Oj1uQo0Rkh0 Ol3Ez8xpwYo OmbcVuUaEYQ Omyvnj-zcDg Opdxl0Naw2c Oy5etbYT60w P12VCA5gP1c P1QTqfmuelI P2kJ-L1DcE4 P3YKejgeN-E P6KaEuwtNjg P6v9s1B3hl0 PAlxASIEbJ8 PGADTuklcF4 PHbQHlH-cr0 PIemv0RcwJw PK6FHfTvSLY PMYePqJqd1g POsp5Gq9eSE PPSxocCAUQ0 PPXV71JchSw PU0wOGx7dCE PUy51ArxnmE PVutIZgFLuY PWSeeYe0o2g PWZlI48cAh4 PZMCrkj7T_A PcAC5083WxE Pcvc0q3g7kQ PnFCu_v6NmA PrNooYKy6Do PtZpWuKX4jU PvAP4cGyz_Y Q1fzsnzz5GA Q2VYbOQH7TA Q3aLw70EQMU QDE88ahgLzk QInccBOjpLI QJd8DhtxMm8 QKPbcS0-PsU QXDrKLjjRog QXRbajNW8WQ QXiCKod9oCU QXqg-0KbPK4 QeSljBEm64U Qezim_fpPQ0 QfHMd0LIjgc QgthpVF50D4 Qhjq0-zPlNU Qi8jwg6dCKs QjfvxVLYyMo Qnhl3PKckBs QplVxr8YGI8 QvThPSPVs9k Qw4LOCtOukI R01n7Tzgoew R2rvy1-PD3I R3G7nb1WsUo RDVsI5lCOD0 RE_QCo3zNb4 RGaDXfh-qMA RM-1AnwRsg0 RQt4k5Md2hc RSJcR2JEi94 RSlTeh77v-g RWkwEM0ow1w R_e0eTPi0Sw RfkLRjg-Kac RmWFcoW9dJU RqoJdktu3dY RvBJsjzEmwc RxyTWsB5dPM RylHI7M1oI4 SCec7oqYpI4 SCvVWPkbvQs SIDG_rVDLSk SRJAlc77vp0 SSEE6gark7Y Sby2IpezaDo ShO563HaVs8 SjIkZNXyiTE Skbxkc1oAFs Sm9ik7D2NH0 SormPVOaXxY Sp3uljFWRgs SqauglpUF1o Sspgxqcbq-U T1h8YlYpiZM T6Y7TZgZ6SQ T8w04oAAV9I TDxMXVNW4Y8 TFA_X2ezmXU TJl2HfLC4QY TNAA6cxuUks TTbdICFaKds TeEXu4CiE3Q TiB924z0578 TiawnqwfRsk Tjaiv8myJMc TkgBKwblbFs TnZr1wMSYEs TouUXQb0p0w TuCAUM51Dzw U0COKWWJq38 U2T_MJpyKgg U4TR_FAEua4 UHXLPj2fY4c UHtq8Cz7wX8 UKeReqA9Gmk UL0s0lBxhfI UMVdVcz88lI UNMTUMAdFug UPvqf_cuAw4 UQwI7dWAIE4 UTODxWSZr-8 UW5TCz68Q2k UWGOmhLaG9c UYb40BKBJ-s Ua41vM4iK9U Uh5bdczUx4g UhQwbU3acqg Uhl45QhvrqI UimzytWin3o UsyMAWfR91g Uux_Qw0nObQ UxpG92MCjxg UzTvz0YJjQw V0oLyLVrAms V490rI_4cqM V4MtmV6315g V9RoXiM5t0A VAdjDtO8vkU VBCi1wpHo8A VBKdQFD56AU VFUC0hycoCA VKQDW-WtM9o VR44bmyHXI8 VT-T0nKi-IA VVnBjboPZFA VW5NlWx30iY VcdPCFRgQmM VibIGU6hvr8 VjwEtyv8ZgE VnpaBULSEkg Vomeh-REudU VouvQT2AU4A VqXr-SlZZlU Vv9EPFFBcFs VxbVWSaTWGM W7DmBNcPpDQ W7yTqFrTQT8 WAXggck3JEg WCAyHvUQO-g WGVFTmCZd7U WHmT_hUg95Y WN86o7nDKaw WTDaGACanVA WWMAxP3-Ymw WWNPpY2g60E WWnqBPGZZZA WY22Je2nuzk WYgbTqV9ON4 Wc7XMZDJ6mw WdVr-nwBQY0 Wf5rFTXGx7E WflOiFNc5Uo Wg3Xp0n6Yic WgCGhHdeyBI Wo8pg7KdZuE WwYSGcPNCWU X0dmHxtBkTc X2zcpfVVgvU X7phll-Xaik X8M9rCw0AIo X8h8DmiwEPU XOMO8ozILj0 XTZeuD-voyM XVfTvNqzVi0 XZiYCCxG1kk XcqYrUpwAHA XkkwF3VsIKA XqnysmKy4AU XqsebyKQ9gY XrcZwjb5sBU Xu0Hg_OtEhU Y1GBxtWfC7U Y3T6Z2XDPBo Y6kh2P2jnlM Y9MdgctVsjs Y9iMVM_4agA YORIQGCPVOU YOv4GJx9EFo YUEgkISsSYM YVWURvdZQtc YXOdCmgnupk YcxvuILcup4 Yjbs9UiaR78 YoyOsBWO_NA YpXxijMc20M YtNO9yr02u8 Yw5aH_FBMjY Yw9LN6tYuHM Yzs79vd-0R8 YzxyApt6zxw Z5clm-tT1Ic Z8QPIMmHj0w ZGzPTSWK6Mw ZH0uUXUt8kI ZJ7iS-5skpo ZMBE9Aow5FQ ZRrhlLqKtnE ZTvlcUwMcHk ZWywqc_WT2Y ZZ9WxGWnKas ZfwyjAOqdTk ZjL2EqVeMBY ZkkgFZgj1Zw ZmFyNIndRb8 ZmJ994XD6hs ZsyH8AjwG6s ZtOF6YCZcnA ZukK7JicsHU ZwBBpI9zaiA ZxPG6Jqh2Ro ZyBjR-6mGCo ZybXj6SBjts _-_vcd346Hg _2UKdzUi-T4 _5wrRgpTvs4 _66eACcvbAo _67Qn7iaDnE _7i-R-W90gk _7rkftUY6n8 _8Y0SnT4Jy8 _9uB4QLidR4 _B72iTswoMc _ClvaD0Ml_I _DSgZ4QWdeI _EdmqKwH6EQ _GiUQ-5kMzo _I59PrtKbcE _J2Xt61n0Hs _LYKD7WEirA _La5U9jKRms _M8mDEs2zEQ _N84moOFdsM _U0yH7PoF9Q _Zj4BshZRew _b6rwtOvIjI _hq7LXZIrek _hrQfra8hAs _lw3GkbJOfs _n8OY3vyQCs _o1J71Q0OYg _uZtCNkGFKQ _wXZ6kJSneA _wlsdmc_VQs _wwuoA--X8k _xAAjU8X3vg _y6SZoFiwPk _zi5fqA2wvI a-6Wh4wYHW8 a0IxzViGEoI a9T0XPw4j24 aBIscXxVLCg aBTOucFVFYM aFKd8k4IVAQ aFwP7f0C0Yw aGpIW7EQ0-E aKSDXfg-gAc aMxlZRfwffg aOFCoUxH514 aZ5FBvMqVf4 abLltKKS3pE agFQ3SMlHkQ agwEj9a3--I ai-2tPl2DAE aj9-VUN8ufM ajayjhAxRCM ak5-kvGq5hU ak5g0zw_0Wk alkc0lYcSzk an6vzSQ5-S0 at26wx4kEeQ avUqaeanaGA awONZIWJZus b1RcHHdY710 b9vzDeIsW9A bD8pe-2jOg4 bFXxRKDZ_fc bMDdRkz-ZJ0 bNUiAO1Wpno bOkVBdtFu5U bPnyNOAKTQg bQRBsxTibRo bWO0Vx6thYA b_gaYw_hpgw ba30qNIsJWU barYtM28JPQ bdHn7zzTPhY bm_zd0kebMo bmtOTeiRNOc bnECr4fXUXY bt6SiquakkM bw9TcUTqjs4 bzb5J1ckpBo c8oJuibiG5U cGTwb2sRcbQ cKJAEHEwpEY cMtGuHoKXQc cPN_aznqoHE cZ6gRUoFoow cdBlDCOZveQ cfsGj4aAuRo cmqFiAyHTS0 coiDaFVHRk4 cpsmpwJFwIs cq3WvaAFlO0 cqhZk3FqCWE csqzq3P2uG0 ctFQsFyqMJg cwPG0ojYTRw cze2fkzXbd0 d5OWGXhVfq8 dBC0LRanxIM dCQW1tjQ46A dEZkChof8x4 dGSioq6AsEM dHeVvES5J-k dNwNaYCUdzY dWubz6KfORQ dYSEFzuBhL0 dZiv-YsqZfg dZwYnU8fCvY dbej35Q7vrY ddXwLRn3atQ depPhxlJBfU dl0UeGyMocw dq3-qvj4CMY dtuwjtAnZGg e07PjKpRBCc e31krGleg5M e3ro8Cbdb-k e6ULHW2kM9w eCaUOjxaj3Y eDjmlzxEUoA eJNvItPGh8g eJTw1iZ3qfo eJmWZNG9HFQ eNZAGTt93fU eQACpcuhJgY eQz0jUVzlFg eSNnn8Qo_yM eeunqn1kUh8 efXQDv07flA egBDVQXO2sI elTlNjCWmJ8 epoY7nM4Wn4 eqNJDF281Lg ezdxSpuKUdA eznrg1iPzz4 f-sMwgUvSYY f5dc4lICHvg f8HssjPyz3E fDeOrnkC4ME fGYk_vy9QSY fJLL5zQDz_I fKfNSoosHc4 fM8BakTBiI4 fPaAjgrJbZg fVQGZOKT2VU fZdtAh3WxBQ ffH6YomUXSE fl7b0M1E5t8 fn_JRL-Ji9E fr0ggFCWW04 fyuzAwIfkBo g27e1mEmkfc g6GpZjEvKVU g7c729a36f0 gGGfk7pt_kE gGJr5OmBwTo gHt481nEimo gVDchDJeu9Y gar_XpwQT4o gnrX-0W_zi0 gq5hSrOGGYM gr56kGkAz1o gurThJS4M00 h2cpv3zCR9M hDVXUrsCV6g hE1Dkpy9BjE hEvrwfySzfQ hOVSG7DiThc hP8J6U1TGw0 hZpc3Je-U0M hamPc-J4ueI hf8ilao8UIA hhl6zDjdhkY hiNjCghqkrY hixh5us3lUE hr1O9K4Z1Hc i31ht0y9qe4 i5YDaRP7fB8 i77Cx0oC6Cw i7YGLTDSl90 i9jS7wpdRRs iD1ozR6hi9g iJgzlBLV880 iPtBcG0yuLk iQuwXMcpp3U iUmgVO3D2GI i_CttBtcGQU i_jJPMXkmKI ifQyz5uij7A igUQBqM7r5c iluyyeoYp7g inKFukVPY-8 it5nCl8hYn0 itJwB33qVbQ j17nzcefRos j4xOmoOkiq4 j8v-fSekA2s jLOj233XXrE jMp92EE3WIU jSJF7uddhu4 jSOG1aNlejw jYKNkmHKE3s jcTjUpu7laE jer0XxA8ujU jh7LzVtTshs jhptseZUkPQ jmWUD7PCq2A jt4OYAkEp6w jv7jPuI2AyA k1MYBLGKbI4 k7LvoL2oQso kBeb902BaD4 kGFXQKNlACM kIvZw9ay6MI kQ7h6UQN3cg kXALRDId4Z8 kd93PH7BQNo kfnL_B9-JDQ klMGagH_NTU ko50db0d_hg kv2-c_lBxEs l1AYsDk1K34 l2qkmZr1ANs l62XZ_olcUg l9eAa75IPG0 lBvoiKxH3As lOLbk89G4mI lQ2WLtVuElk lQSp2_kd4NI lVe5m-8TDug lWUndNgaPdQ lad8yAFtTag lhGjYqTiv2k lhqLuSqUScM llM_Vdg4JEk lsaug8KRX5k lvhnCWJx3-U m-TZ4I2MVWo m0gDwaM-4vw m4NZ3LQFMhU m6pBmjM9yBA mABpOHC6e0Y mACRnv2DWig mCEF9kyPufA mEmI15R5QeM mJjWpNShGA4 mKtCBoBN-YQ mM3E-yOGt94 mUv8y6UJjgI mVWpcoclQEI mXJWb6KS3Ic ma2LMQ7IRzc mavRFtQwKZk mb09TqpFmKc mdXHjnSaBLA mdpFmjVZm6Y megT0AyH5aY meidIuUDiD8 mggBRiJq_Z0 mgj5G77IbZA mhwkAl6-UgM mieMntFYwpA mmRe-M5jg9Y moQNXFPBTdI mt6v8hse1C8 muySU71NJC0 mxZYG_WjxaQ myNoQSxTyMk myTtYwsVZXA n-OMoTJxiNA n5MvdN6SJls n6SkQxa9tYM n9U0V2VOaXM nH7Lw0JqsLY nMzVfjXX2oE nOIqrgvJa_A nPn0-OjfwFE nQdBNcTfqHA nQkblayHQEs nS6XaN0w9cQ nSOfJs9y5P8 nUgId3jPJP8 n_oSjN5lHPA nbgG46CRGaU ncAU4eew12g nh3wCZYe1Y0 nmwF3mTXz1Q nrZX0PYyrEc nypXgaqCUsA nzVxb2Km4U4 o4Lf5xuifZ8 o7v2oPuKy1o o86-_fZ4yMU oCRXgj5o-Rc oCuK2Rw2YbA oD4ttk3_AJg oEkiz_UJkw4 oFAtlM5PywI oHz4T3ENBjA oIGaNBs4dKE oODa3S3PcwE oOkM-CenjzE oOxAoTTyBfI oPjvjQH9U7g oPlKVIC43Ag oUG0vR4Fsjk oUT0oSvWnZk oVYZBLU1ZKk oXd5ctuqRRU oZxL0-A5sRQ ocly4b7CKi4 ofjn-iFPYEY ojxfzOi-5yM ooiMbowRFSs oqGMx_jRYw4 oqIwx99Xip0 orFsiwqrpTs orGs5jPWpYE ota7-DJzGyg oyaYIbZFo_c p3RIiD9pLKs p4knlhWRixU p5PL-0hFn8w p7r1B7Vhgic p9D-Fclp0pc pB65B7gx0hY pCVpFnz3PMI pE7Uoznxgks pEa-8UMiHJw pF6I-1my8RQ pF_yDuqzv9A pHtCaFYThTY pL2Evk5gMoA pMVTjmGer0Y pOiglau1Xrw pQPK-HRPbDs pSIt0HLrQkg pTBfdHOE-_I pVnjh_zUZPM pd9lcP1BaKw piwXgeQPuAU pjCapsLYjuc pmfCKnSJlfw pukFayt9PFI pw7iINqKpGU pyrrKLYRebI q-fIj7RiJ5s q0LFfqj90Zg q5I_ESGtKPQ q5Kk2O5pUNc q6Jnt7vJlPk qAU-jVaYyQo qHjAO-pPK6Y qIy5rBOaXb4 qP3jpLXYCu0 qRzzNe2iNAI qSwntGqDpqQ qTLX1aglNJg qWCJkw-d61s qZ5TGT6uwxg qZvh0qjb7D4 q_SSKq0IQaE qasvwzzr6hc qe_VE36wbqs qgXb41a4gI4 qgbA5F3L_Fc qhX8mbkyI4I qlRRG-nbex4 qncM_5yWpu8 qnoz-8BsVp4 qoOL2ruwJ08 qt--dOmnpyc qvuIkdjjlxE qzJ8fKv9Wcc r1Pea-Hdnrw r1fSRUEfo_0 r2VQSl5PEL0 r4WqHV1ZAns rDBXZkxnHZw rHQ9a7ZUtx0 rHfci0V8gx0 rJqswSOx88U rKtK9XXD5Q0 rMi21TkOnhE rNDVKaSwlv8 rOw1IB2ggvQ rSDmjMYON6s rzmjWMGlWcY rzq35wijDQE s3DW7Yz5aVo s6JM19VdZXA sA6wLSEY8h0 sFDjSUYnJ60 sHgiDnlWPwM sMDTSwmgCDU sQk8aCnJiZY sVWrsGsXgLg sYeW5KJCVmo sfX4RdDD0MY sjuCfZRVY1Q slqQXj4QzIU slwT97vFGZM smHjFlxCzLI snwkXVV-2I8 su1-dbIslyQ tCQ-cafk1Hg tJIsIjR6bH4 tJoauIfxB04 tLJzzes2kZw tPQZGJI6iF8 tREGJlwH7vs tV4wWvhdYXM tZuNDF8ELnw t_rIGxRvf60 taS3XuPAU8s tkNIGDDQsC4 tmx3tynV8_c tn5HX440k0U tnz_ZQks6hw to9x1y9EwRU trhcQphz3vg tt_7ur3zVCc tzLI4ZNC1G4 u069_sfVLeU u2GgaxjF4jw u8dHsf5IpXw uGJ099LNjdo uHbegRm1BOY uJJMymULVDw uKr1vaxhWow uLBIMB1ynvc uNgKSWVKV2A uRyPoCiMn5U uSdFJSFgYsw ucHL_dK3Mcc ueQ3VTWGnHw ufbBvu2Dzco ufqPppToPoU ugFHsgnPw2k uiUrkLsyVvs ujNFT7rLWQg ujZWBPGPrk4 ul7GC3NiZ1o unBGi4niPP8 uus4-SID3GU uxlrq7gGZjk uyqHO_nz3fc v27_zx4xTLs v79mDXqfz2k v7q4YXgptLU vP8vz8ZoyEo vPGNeAYNWxE vQ_kUI7YP9w vTUTVlTmfjU viFV87NTNJI vmEw3yoGg2k vr2K6JoTuTE vr5s9Xa_oGI vrCz7yciu5o vrIiGbfwwxI vw5hbqk51hI vw5ulmxiF9c vxFn5eRjnyE w0uFDJsW1uo w5fGfHXLw50 w9d2zFjbsno wDQjfGMKNgs wEpUM2WK7Us wRQ_kyGzhpc wToPZzsuxes wTpnFZTqN9I wZBuZpmkVNY wdFoyrB5Xfw wh5awWtFKFU whzaJE3poVc wosX7D48bZg wpjYuFidTa8 wq3maiPZgKI wstsProlPio ww9t4wTdV8g wxBfQANu0bc wyCuTSuVvSA x0WYLvzhb4Q x7cnM-_2DCk xL8OeuS3la8 xOixUeWQQ0M xPaSsulkHoE xSdayxASIM8 xSwsvWQBras xTrJGEEYlDI xU1Dc56CgL4 xV_Leda6kqo xWPBIkxs1Jo xXO4jIoCJn4 xXnmBdFVPUg xZMyc5LofK8 xguWiXw1Vyg xhrUwZioJdo xj8VllvPo_s xlO842eCrWU xlUTy6Kkelo xmZH4kIZFQ8 xpJ24TEFItE y4dV-Q1uCDI y5hM4mWi82Q y8ST9_4Snqg yEt0nZzmQ4A yFX1WSDmsS4 yG6LYS4iMIg yHgOuOYxDUQ yJ2BvWI2Nc0 yJZaYTWTYoI yMH1fl4alEY ySxejhWZM_s ybn6CQsOcaI yfxPQP5rFRE yiMtHo1eaFM yndHCcKrNrY yrBoGFL6io0 ysRl9KLjz_g ytI-iTzsb4w z9jr_Dx_NtM z9uCp_1AgcQ zA9cZodtMo8 zIqap_KjtBA zZT-7HwpJhg zcsS1yv3dhY zgADRW4GHMc zjV6QUw57Ow zm_blnyxCFU zpvKH-lQXPg zuFe8DiQXn8 zxp0qUT7KJA
71f814b17c773ea7e8c29c251e9bcd2b:144-147,0
71f814b17c773ea7e8c29c251e9bcd2b:460-463,0
71f814b17c773ea7e8c29c251e9bcd2b:691-694,0
71f814b17c773ea7e8c29c251e9bcd2b:845-848,0
71f814b17c773ea7e8c29c251e9bcd2b:1092-1095,0
41c762ce9fc168f6aaac0439ca571edb:185-187,0
2b416dc14e35bcb68bdfc82690be537d:92-92,5gO1FVMwWZc
2b416dc14e35bcb68bdfc82690be537d:95-96,-eJJnrrh2g8 2tmTOj9Jc10 8C50WZrN6dI QMRFnSJN5T4 cAe5dkP2f3Y ep5DUjTTI2I oWAuijRMb3c pvHi1KI8ILQ tONnWfj3qdY uz-zmWB3arQ vR_DQswNwxc y0ysGT6uvKs zbgSkGh9698
2b416dc14e35bcb68bdfc82690be537d:97-97,0
3a99ba9561aaef62501f9490779bbe99:84-85,RS_R1niWLPo sHXBOUcd11E
3a99ba9561aaef62501f9490779bbe99:89-92,0
3a99ba9561aaef62501f9490779bbe99:336-338,0
3a99ba9561aaef62501f9490779bbe99:349-354,0
82146d909c533ad4726e89c8011df102:55-55,SNfBgcpObPQ
d821e1c229e0140f404ce4f5145820fd:449-453,0
d821e1c229e0140f404ce4f5145820fd:734-737,0
7b465aa355535d76323c0f89dfbec8b5:9-11,0
7b465aa355535d76323c0f89dfbec8b5:14-16,0
7b465aa355535d76323c0f89dfbec8b5:129-131,0
71f814b17c773ea7e8c29c251e9bcd2b:113-118,0
71f814b17c773ea7e8c29c251e9bcd2b:1005-1011,0
71f814b17c773ea7e8c29c251e9bcd2b:1012-1016,0
71f814b17c773ea7e8c29c251e9bcd2b:1046-1048,0
71f814b17c773ea7e8c29c251e9bcd2b:1049-1053,0
c13a222b8e60faf890a2e30d2c8c4046:76-78,0
015595004052893b082050a4cf8d4421:0-10,n9ceshP80vM
d821e1c229e0140f404ce4f5145820fd:14-17,10eMeIQMWno Y2Sc0TUCxjE im6r-sikaIQ
d821e1c229e0140f404ce4f5145820fd:75-77,10eMeIQMWno 31oIhH-8hhs 5jlieSwynMc 7wH0MU1PM4Q 9R8jMQENYSE 9TzAcgCGQLA 9fzgo6xuzfg DlMcfIgd6pY Eoo45o6GejY GFtxlHikD3s GaFqbABmkto KUzxqVvFNRk OzHlwbcaow0 P1U7YJLsDVQ QS7_Ol2st4I XMG3vYsTEY8 Y2Sc0TUCxjE YLlhKg3Mguc ayCzGQMItuE dOOkCcx1GcA iedDteESOpc im6r-sikaIQ kswIvHppagY wurrVvSHPlU xdNfo90qx3Y zGUBDrzT5LA
d821e1c229e0140f404ce4f5145820fd:327-328,0
d821e1c229e0140f404ce4f5145820fd:354-356,0
d821e1c229e0140f404ce4f5145820fd:423-425,0
d821e1c229e0140f404ce4f5145820fd:536-540,0
3a99ba9561aaef62501f9490779bbe99:213-218,0
3a99ba9561aaef62501f9490779bbe99:690-693,0
8dc6d705bc17ffa0d60eb1c114883687:83-84,64j6xSkWDxw GLzw0uj9Mwc KLvgjMbBf-M WACbjsZ6lSM Wd1laEvdboU X-lY54Fgryk _kc_dHfh5OQ
92480a650d7d6a827eea430a33e07e14:44-44,1h-rL1kaOl8 27Hd7NWvD1c 5sqP5Z7V34Q 6PSGix1ZcIU S-M5jdS9MCc g3qlSKfZxoA mFXdPJW4_es r_1kBYUFjYk vXJ9o3g1DPo xR-BmOrUy6k xzF1NATNzfc
198848e2c4c6b430c20ea369a76b4290:379-384,0
198848e2c4c6b430c20ea369a76b4290:451-456,0
380b938d86a94c2c1c509da9ec6659fb:72-73,0
380b938d86a94c2c1c509da9ec6659fb:129-130,0
2893787c9cfb5ea34e2788b225bd3c8c:18-22,0
fecd0938974f710f8327b27d165d80e1:104-108,0
2560d646d23281f54a1086fa0f480cc2:7-9,0
2560d646d23281f54a1086fa0f480cc2:20-22,oIYXIlKgG_M
0aacdbbaa7dbb458aa5a4d14c9751f11:12-15,GOIyt5DgB7A IrW7ycyjSDE
8d03d516bf7faa42782dacfbd8728b1c:13-13,0C9luZUEr4M 4yn7dhqu5d8 DygEZGxrlAU VzAUXsac9tw ZvPiDBwii44 k_bcBWUa6Lw
6a726f13dcd21e0066bc27bd9bcda843:306-307,0
89af765d9be347ec3f51c0b562400b20:33-33,2uW1ZRE-FrI 799nWdLiqa8 N-TFtSPND6w fzn2CT7snUc iF97CR3jh_c m3hk882SPPk nujjw0M7S14 o2nz52tgx_o sWzRKJ7fSN4
2cc00597dbbc684da96e5db6b44de876:13-15,0
2cc00597dbbc684da96e5db6b44de876:69-69,0
2cc00597dbbc684da96e5db6b44de876:129-130,B_4-29bhl-0 E0uqeE-SRRg H5zkRyMXAOI LMw3sOlmtVY NsD_rHWqdq0 OSGIYkVCLJ4 XMgroQ5vFvI bivmuocPFRs qJMjDxNsJWc tT6tMj1QFtc
b646aa1a82492ac369115a8177b3f67a:8-8,NcbTOYlgk-8 Tmm3x0h01ec _Auy40SMKQQ g2PNlxC56kY
6a726f13dcd21e0066bc27bd9bcda843:0-2,0
6a726f13dcd21e0066bc27bd9bcda843:16-18,0
6a726f13dcd21e0066bc27bd9bcda843:41-43,0
6a726f13dcd21e0066bc27bd9bcda843:53-55,0
6a726f13dcd21e0066bc27bd9bcda843:57-58,0
6a726f13dcd21e0066bc27bd9bcda843:63-64,0
6a726f13dcd21e0066bc27bd9bcda843:66-68,aXsM-mNYoZw
6a726f13dcd21e0066bc27bd9bcda843:243-245,0
6a726f13dcd21e0066bc27bd9bcda843:247-248,0
6a726f13dcd21e0066bc27bd9bcda843:253-254,0
6a726f13dcd21e0066bc27bd9bcda843:256-258,aXsM-mNYoZw
6a726f13dcd21e0066bc27bd9bcda843:302-302,0
6a726f13dcd21e0066bc27bd9bcda843:304-304,0
6a726f13dcd21e0066bc27bd9bcda843:352-354,0
6a726f13dcd21e0066bc27bd9bcda843:356-357,0
6a726f13dcd21e0066bc27bd9bcda843:362-363,0
6a726f13dcd21e0066bc27bd9bcda843:365-367,aXsM-mNYoZw
6a726f13dcd21e0066bc27bd9bcda843:399-401,0
6a726f13dcd21e0066bc27bd9bcda843:403-404,0
6a726f13dcd21e0066bc27bd9bcda843:406-407,0
6a726f13dcd21e0066bc27bd9bcda843:409-410,0
6a726f13dcd21e0066bc27bd9bcda843:456-457,0
6a726f13dcd21e0066bc27bd9bcda843:465-465,0
6a726f13dcd21e0066bc27bd9bcda843:467-467,0
6a726f13dcd21e0066bc27bd9bcda843:534-536,0
6a726f13dcd21e0066bc27bd9bcda843:538-539,0
6a726f13dcd21e0066bc27bd9bcda843:544-545,0
6a726f13dcd21e0066bc27bd9bcda843:675-676,0
6a726f13dcd21e0066bc27bd9bcda843:678-679,0
6a726f13dcd21e0066bc27bd9bcda843:681-682,0
6a726f13dcd21e0066bc27bd9bcda843:733-734,0
6a726f13dcd21e0066bc27bd9bcda843:742-742,0
6a726f13dcd21e0066bc27bd9bcda843:744-744,0
6a726f13dcd21e0066bc27bd9bcda843:930-932,0
6a726f13dcd21e0066bc27bd9bcda843:934-935,0
6a726f13dcd21e0066bc27bd9bcda843:940-941,0
6a726f13dcd21e0066bc27bd9bcda843:943-945,aXsM-mNYoZw
6a726f13dcd21e0066bc27bd9bcda843:1064-1065,0
6a726f13dcd21e0066bc27bd9bcda843:1067-1068,0
6a726f13dcd21e0066bc27bd9bcda843:1070-1071,0
6a726f13dcd21e0066bc27bd9bcda843:1178-1180,0
6a726f13dcd21e0066bc27bd9bcda843:1182-1183,0
6a726f13dcd21e0066bc27bd9bcda843:1188-1189,0
6a726f13dcd21e0066bc27bd9bcda843:1191-1193,aXsM-mNYoZw
d821e1c229e0140f404ce4f5145820fd:0-3,10eMeIQMWno Y2Sc0TUCxjE im6r-sikaIQ
d821e1c229e0140f404ce4f5145820fd:44-46,10eMeIQMWno 31oIhH-8hhs 5jlieSwynMc 7wH0MU1PM4Q 9R8jMQENYSE 9TzAcgCGQLA 9fzgo6xuzfg DlMcfIgd6pY Eoo45o6GejY GFtxlHikD3s GaFqbABmkto KUzxqVvFNRk OzHlwbcaow0 P1U7YJLsDVQ QS7_Ol2st4I XMG3vYsTEY8 Y2Sc0TUCxjE YLlhKg3Mguc ayCzGQMItuE dOOkCcx1GcA iedDteESOpc im6r-sikaIQ kswIvHppagY wurrVvSHPlU xdNfo90qx3Y zGUBDrzT5LA
d821e1c229e0140f404ce4f5145820fd:58-59,10eMeIQMWno 31oIhH-8hhs 5jlieSwynMc 7wH0MU1PM4Q 9R8jMQENYSE 9TzAcgCGQLA 9fzgo6xuzfg DlMcfIgd6pY Eoo45o6GejY GFtxlHikD3s GaFqbABmkto KO76Oy2wMr4 KUzxqVvFNRk OzHlwbcaow0 P1U7YJLsDVQ QS7_Ol2st4I XMG3vYsTEY8 Y2Sc0TUCxjE YLlhKg3Mguc ayCzGQMItuE dOOkCcx1GcA iedDteESOpc im6r-sikaIQ kswIvHppagY wurrVvSHPlU xdNfo90qx3Y zGUBDrzT5LA
d821e1c229e0140f404ce4f5145820fd:107-108,10eMeIQMWno 31oIhH-8hhs 5jlieSwynMc 7wH0MU1PM4Q 9R8jMQENYSE 9TzAcgCGQLA 9fzgo6xuzfg DlMcfIgd6pY Eoo45o6GejY GFtxlHikD3s GaFqbABmkto KO76Oy2wMr4 KUzxqVvFNRk OzHlwbcaow0 P1U7YJLsDVQ QS7_Ol2st4I XMG3vYsTEY8 Y2Sc0TUCxjE YLlhKg3Mguc ayCzGQMItuE dOOkCcx1GcA iedDteESOpc im6r-sikaIQ kswIvHppagY wurrVvSHPlU xdNfo90qx3Y zGUBDrzT5LA
d821e1c229e0140f404ce4f5145820fd:116-117,10eMeIQMWno 31oIhH-8hhs 5jlieSwynMc 7wH0MU1PM4Q 9R8jMQENYSE 9TzAcgCGQLA 9fzgo6xuzfg DlMcfIgd6pY Eoo45o6GejY GFtxlHikD3s GaFqbABmkto KO76Oy2wMr4 KUzxqVvFNRk OzHlwbcaow0 P1U7YJLsDVQ QS7_Ol2st4I XMG3vYsTEY8 Y2Sc0TUCxjE YLlhKg3Mguc ayCzGQMItuE dOOkCcx1GcA iedDteESOpc im6r-sikaIQ kswIvHppagY wurrVvSHPlU xdNfo90qx3Y zGUBDrzT5LA
d821e1c229e0140f404ce4f5145820fd:224-225,10eMeIQMWno 31oIhH-8hhs 5jlieSwynMc 7wH0MU1PM4Q 9R8jMQENYSE 9TzAcgCGQLA 9fzgo6xuzfg DlMcfIgd6pY Eoo45o6GejY GFtxlHikD3s GaFqbABmkto KO76Oy2wMr4 KUzxqVvFNRk OzHlwbcaow0 P1U7YJLsDVQ QS7_Ol2st4I XMG3vYsTEY8 Y2Sc0TUCxjE YLlhKg3Mguc ayCzGQMItuE dOOkCcx1GcA iedDteESOpc im6r-sikaIQ kswIvHppagY wurrVvSHPlU xdNfo90qx3Y zGUBDrzT5LA
d821e1c229e0140f404ce4f5145820fd:467-470,0
d821e1c229e0140f404ce4f5145820fd:516-519,0
d821e1c229e0140f404ce4f5145820fd:599-604,0
d821e1c229e0140f404ce4f5145820fd:606-607,0
d821e1c229e0140f404ce4f5145820fd:652-653,dxBarHpZp5Y
d821e1c229e0140f404ce4f5145820fd:692-693,0
d821e1c229e0140f404ce4f5145820fd:877-878,-MB_d_dwwd4 -ZsRT3kVUKU 0hXHOG9S6Ik 0q4cGyqsARM 17OmKvKJWRw 1c3x39TaRGw 3KJtVsC2_2Y 5iGv4eFHIpE 5ibtsOv_lXY 8zLLSKGb6x0 AhtlWMd2yJ8 Bfk-YirNo8k BjqzkTuqasI CnlC9uZq9js D5T3naApbfU G4iOly1oV_8 HWZVnDIYAFY KOVeoOXLQ84 Lc9R5CsDinQ MK4T3xXBqRE Ndw2urN3nEU Opf
19c48725f3a4b85ad4bd009e1e941347:211-212,12pc7AlXsns 9Qf6a2LRGAI P777WsZUcnM Ri80GAnLxE4 ivKxB_AmChM n4N8Z1BDzE0 qil230GfowI rJ1wVIm7bSM rlwLANxUwhY uXGIRAubd84 y1l8NAnwKlk zXHxnK4SFn4
5bc5cc65991f5d7d5ac85786d07d92b4:32-32,4_fkJjlmmOE Lsxs30SueFc nduAyHsqRFg
5bc5cc65991f5d7d5ac85786d07d92b4:45-45,0
5bc5cc65991f5d7d5ac85786d07d92b4:47-48,0
41c762ce9fc168f6aaac0439ca571edb:52-52,CCKcBraRg1c
41c762ce9fc168f6aaac0439ca571edb:138-138,0
41c762ce9fc168f6aaac0439ca571edb:153-153,0
41c762ce9fc168f6aaac0439ca571edb:181-181,0
41c762ce9fc168f6aaac0439ca571edb:230-230,LOhclR7TWnw
41c762ce9fc168f6aaac0439ca571edb:289-289,LOhclR7TWnw
41c762ce9fc168f6aaac0439ca571edb:331-331,0
ecc336d9ff7a84b8b31153fee10c38b4:99-100,NtJlUYcHQ70
c13a222b8e60faf890a2e30d2c8c4046:52-52,11KZohw8b0o 2zPB33x7kRo
c13a222b8e60faf890a2e30d2c8c4046:55-57,0
93629a195d8ff6fbc041cfcd9de025dd:30-31,-88yng8jZW0 -ZFcQy1hvPo 005o286wsG8 0HvrgLyqDy8 0tQWZJ8mW5g 0uVmwazjX1Y 1EyJXpSkvpg 1V1kqO9GAIY 1ku-FCuzeIM 1z0YAZds2hQ 20YPPjQ9xX4 276NKSoAgQA 2l0AlQ31ZC4 2oyjkJfCX78 2v411NLEOU8 2wxfBGG0Bfg 3LLizA9q4wU 3avp-3Ghmr4 3rtzN_cgP7c 43vnzOVUVYM 4ECqhm-R_7E 4lnIveV44To 4y6FB0ekq_I 4zygxyg7ixo 5H1IEIMZ_ws 5M4rFP07j7M 5YfG1cX6hLQ 5wBa9h7GzTc 65PtOzo5vxo 6BCtw9irF00 6RhaDIFQ8nU 76IBp4pZ8wc 7_dihJF_VAc 7jqRPO-WMpk 7naKXKtJx_U 7oDgr9mevE8 7oY1076h5_w 8FhblWdRWu4 8NSoGEsVXbY 8P-W1ThnbPA 8eCy4axCtEs 8gM7dXygNPU 8sp3CVj5FWw 9GIJk8j9jeg 9O6rp_gLwag 9T1yzClm8zw A-Njd-8kPMk A0Mut8cQ6eM ALDTJg8gPVk AeWyxZ8OSMM Amt_vsxmjpU AvNCH-IHCgc BW9Ha5fM9y4 BWaap0Vlpdg Bhll__x7WXU BvshhWE-gKo C4vNgxKgJcg C5P4YGJyjcQ C7Q2OZSC69k CIeE3quw8AA CO45wBrkLFE CstTo3bqI60 DC_u_zm_8Eg DQvGDx8eleU DTF76KBOKbA DdPTRGLMaUs Di2AXlmK20U E2HCbat53yU ESBrAFzxhXQ ESZIGDMXICg F9bjGGFew1s G9XxDQhSx-8 GOaQ6fLlo88 GYF2CIYf8dc Gkj5dV02_EQ GmDYUbyE_qU GuHB-11fiPI HHLwG8v65Z0 HXGkSgrl6HU Htu4tTHtpr8 I4dz-7IbEa8 I7BLJXL-Vp0 IFfil4M3M-Y JK_KToMvJBo JRDgMzFH0wQ Jf0q4V--pdM JkMF7pHbLbY JsvDkpV1tkM JwkXgQA1XaM K3lVU-kN4n4 Kj8T9rXkZgI KpA3Mo7daM0 L2_EyxMgq9o LASE9MFHEas LX7IK6WAVFA MGvLeqd_CNU MLa3Hm0OPlU MhkqOYKeD0w NWdmM7lqQeg NZua2JKkpG4 NoGf9AykLFQ OMjGhQBcixI Ob_qt7oQLy4 PC7b_zYg2To PP4o3Z1dTec PlIflyMj6AE PzpPqQQyAyo QmCOiBluiWs Qtl0hlXS8Sg R6EcUyjuYpU REl8ykbjUcM RIWLyUdSaJM RUg8TCa7JRg RkXT2N_DDKM RnzX0VOkjkc RtM6nTaFmUI Ru97Ry7EEzw RxuRISS87FE Sw9bC59YbS0 TJoF60v5eOQ TsgBJanHeBw UJp6jStLDsY UZKKgtrXidU Uck_xa_bmqM UsVTv9pafH4 VbEP3SipSNI Vqv3EC9ees8 VzOd89JMpt4 WGQFNIu0PPc WHnwwtunhvU WIH0hHIZPGU WRUIlI2ss-g WVNK3750BzI WVTnlU6rdg4 WWg1qUdNv-A Wm_iD_FCTPU XZUBA8HMb2U XkudXrm7e4U Y1lVAgT5_50 Y3T65CuXwbo Y8ZgimWRfEI YD327DyspaQ YPNmVaGmd7c YnYZ0bkZhWM YstABhcFlP0 Z5-W3_sXfjQ ZQ7WxU2QFnM _fJI7bZYkPk _jW1Rp4TPyg _w9QktFCW1o a2ILFKVCLcc a7VtTLLXR3E aLThCb1M_ws aT9_Gn-iZaw aYSaI2VXgTE adCJVjz0HdA axn9teI5k3s b-dw1vWm9Yg b4DeENpGhBk bS6WC4_xgCs bglnl4v2Mws buJtDZIgKO8 byZ-DqIoNtc c5pn-hGTx_Q cv6SXoO8whk do2loxN8jr4 eJGygNT1hiQ f34-8u_vSC0 f9aKfgIDyGM fChFFifxL3E fHc53VD6e-c fO-KsSRSWgY fpHwCMnHllY gB4PtUN15cM gL7bbICQbcw gMuoLnhlsvY gn5F47QS27s gpPtGcUpqr4 hCKwNIQrYQY hiLBN29dQCM hjmcEJYjxJU iEHiUAvNFD0 iFJh38mUrTs im_4B5xhk7Q izE2LWO0L08 jNZUbzb2zT0 jiNEK8yt-tQ k6VM73ZNm_U kO-bqMpODgg kgNHqdS9hJ4 kqWSGYnVKys l5FfMEW1HLc lUtEn8ZkLe8 ldBVEW6zDCI luG0rfDHtPo lvSXwNgHbBU lyoCx7f0QRQ mSRrRP5eB2w mfjxOGw1mek mpy76g-BzQM msMYioWCDh0 n1jVirwJqzM nAlLpL2aVcc n_GO2nVWCmI nbxpnH7rxRI ndelPTlHOR8 nmx6gL-PLaM o3PblUO8tDU oDoS-M-j7Eg oFc19RnVa4w oPnP2HlK4Lk ochcLpSHOIw ojEH2XMv8FI pAIeZZTrM1Q pmhwuR3-1Q0 pvEde5Y6CRM qbCHhv4RZzU rBu9-_KZCpo rHHuybzfFS8 rHWW_jrfTp0 rLYH4FQwIH0 rO1tjD19VJw rTp650JM0WQ romPpwEQL2s sGeIDFnseFI sMAT2uJ5g1Y sTLk3C0DG-I sVkNEn3NmGA si2VkM796Nw swWc9AQSn24 syis2uPIw5k t3KGMUVCJRI tApA3BBenCA tPYE2vU9QRY uaSirXBS_vs ubg-oMl4Toc ungaPV8qTKQ uqf5HObbets vGkWcR0D1Lk vQtWz5FrKsI vSTHsMYOqqQ vTF0SrXEPQM vr5C7Eo-lb8 vzSkFqYnXOI wASHmwH15F0 wGrK5eZbikY wLdUyozi4tE wW0ftxfJuGs we0JakwuE0Y wscfrfUIhXw x0j5E4gM9M4 x4oMFHpqc3I xK80X0gKZac xS_MC5_ouSs x_hvTmxIf1A xtibhC8zDZQ y7WlKt0gpGk yYCmc_WE-Go y_YUCPx2r_E ycujxYIkz94 yzQmlGREZlw zRrBb3PFq1U zS5p9wwLz7I
bfe6800b9279e88d6b395f45f39fbf32:27-27,0
bfe6800b9279e88d6b395f45f39fbf32:62-62,--8-oMb9t4A -76ymtif8J0 -n34fAy1160 0HNFruJObGc 0VY05cmbAIE 0gDrcYolXbs 0sUm-VDgOkk 1Gg8TtROGmA 1Qaa2KD69z8 1vFHBL2uJqo 2-yRDLuiWOI 2dF9bf7raC4 2dWHqojHV3Y 37aKRHWbpb4 3HyAGq-mPdA 4mhEPo8lsYU 5yWwE8OAZJE 6UAA3ELa978 6jkE9JRWmyE 77oMQ8egPQ0 7HsI7ch3Zxg 7jjhVxSqYcU 86K4waw7KpA 8KdsJUe4mOQ 8ciKhwvpHgY 9_WFmneqDkU 9jwpVyMT64U A0YKImtK5gc A9vioacg038 AUuC5pAZV5A BBUUwmFQiMs BPHu1Y16NSs BXfZ6PZp5cI Bgw5Rm2Puw4 ByyD1kngGCQ DgwEZqVGCNI F6uprcRAlBU FC08SoJ47tg GPNwUHGw048 HMypBYCvOkc HsUh64WxuUI I2PuyG9cqtY I6vsMvTHoZs Jux5PzODuJ8 KH2BAjcwR10 L0rax4Vitew LF80ouE6xFg LOIVKn1mc8E Lg4t5cVXR4g Lx80chG3jjc MFjLS6bgih0 MSM6UYvk46c NEJBosewfO4 Nvq9gAkJuWk OOFvgsyS-W8 Obz1ai-yr5g OlHzgXo1sYo OqlenmNYJX0 PMHBxALsCro PehoyzY1pJs Q5ZNQzmrgxk SBqIGSTwUOI TGAP2jdX6A0 Tbht8G1pU08 VcB7jjjsygw WEbIziOpNS4 Y2tV5ackQf4 Y4oPjCdEb2Y YHrEau21Nks YX6-4MsMOIs YzHg8Bf4Gog ZoKPXznvqes _GGfUpZOL2U aPFX9sjU51s aeBCLwI-ELU arSua60LVo8 bFR4Tn6EA8k bRohvTjHJUY bx1v3fARViQ c2FHwVB9Wss cZfLXJER-7w dBsOP8QFiA0 e5tfAB-iPCM e9HVoZ88psE efmt9chWUDY etSSdepCfwA euqX9yiChKU h-_jTi8TDnU hEhmL2bKwAo hTIVvSm08fc kg2eq7NnO4c lT8HGWOEAXU lx55o3tPbCs nqhlH-9MIlM o0zLxj0xzVw oTks8CA04IA ovvWIagKr6U pkSWOSKlD0s priAIFZWQlQ ptPnUO21D38 rq7Xjc3QngU sSyizDsEp7U sYNNgi3PkXY sxILKOyzaiE t6zCr-_9pDM u6JJDYOyzsU uKBeIRx79yM uTyTYz1Cko0 uk7Y3BsBOlM uv9xfYHJOo0 vh89Cq8X4sc vkLKsuQdiBQ vyKImh-j1QQ wz2SnQkr630 xXO4N8QBe6A xtP8V1UfXPA xwXGfH0eIm4 z0ZPD_lVty4
bfe6800b9279e88d6b395f45f39fbf32:69-69,--8-oMb9t4A -76ymtif8J0 -n34fAy1160 0HNFruJObGc 0VY05cmbAIE 0gDrcYolXbs 0sUm-VDgOkk 1Gg8TtROGmA 1Qaa2KD69z8 1vFHBL2uJqo 2-yRDLuiWOI 2dF9bf7raC4 2dWHqojHV3Y 37aKRHWbpb4 3HyAGq-mPdA 4mhEPo8lsYU 5yWwE8OAZJE 6UAA3ELa978 6jkE9JRWmyE 77oMQ8egPQ0 7HsI7ch3Zxg 7jjhVxSqYcU 86K4waw7KpA 8KdsJUe4mOQ 8ciKhwvpHgY 9_WFmneqDkU 9jwpVyMT64U A0YKImtK5gc A9vioacg038 AUuC5pAZV5A BBUUwmFQiMs BPHu1Y16NSs BXfZ6PZp5cI Bgw5Rm2Puw4 ByyD1kngGCQ DgwEZqVGCNI F6uprcRAlBU FC08SoJ47tg GPNwUHGw048 HMypBYCvOkc HsUh64WxuUI I2PuyG9cqtY I6vsMvTHoZs Jux5PzODuJ8 KH2BAjcwR10 L0rax4Vitew LF80ouE6xFg LOIVKn1mc8E Lg4t5cVXR4g Lx80chG3jjc MFjLS6bgih0 MSM6UYvk46c NEJBosewfO4 Nvq9gAkJuWk OOFvgsyS-W8 Obz1ai-yr5g OlHzgXo1sYo OqlenmNYJX0 PMHBxALsCro PehoyzY1pJs Q5ZNQzmrgxk SBqIGSTwUOI TGAP2jdX6A0 Tbht8G1pU08 VcB7jjjsygw WEbIziOpNS4 Y2tV5ackQf4 Y4oPjCdEb2Y YHrEau21Nks YX6-4MsMOIs YzHg8Bf4Gog ZoKPXznvqes _GGfUpZOL2U aPFX9sjU51s aeBCLwI-ELU arSua60LVo8 bFR4Tn6EA8k bRohvTjHJUY bx1v3fARViQ c2FHwVB9Wss cZfLXJER-7w dBsOP8QFiA0 e5tfAB-iPCM e9HVoZ88psE efmt9chWUDY etSSdepCfwA euqX9yiChKU h-_jTi8TDnU hEhmL2bKwAo hTIVvSm08fc kg2eq7NnO4c lT8HGWOEAXU lx55o3tPbCs nqhlH-9MIlM o0zLxj0xzVw oTks8CA04IA ovvWIagKr6U pkSWOSKlD0s priAIFZWQlQ ptPnUO21D38 rq7Xjc3QngU sSyizDsEp7U sYNNgi3PkXY sxILKOyzaiE t6zCr-_9pDM u6JJDYOyzsU uKBeIRx79yM uTyTYz1Cko0 uk7Y3BsBOlM uv9xfYHJOo0 vh89Cq8X4sc vkLKsuQdiBQ vyKImh-j1QQ wz2SnQkr630 xXO4N8QBe6A xtP8V1UfXPA xwXGfH0eIm4 z0ZPD_lVty4
c2fd4b6be8c0a279837a85de05b70329:2-2,8nCoJuhPPek E-wg74XugpE Wg2IjZAN5WU b4Pt2xs4Xjc rfUsgAbHsVQ
c2fd4b6be8c0a279837a85de05b70329:43-45,0
c2fd4b6be8c0a279837a85de05b70329:47-48,DNx_Up9dCO4
c2fd4b6be8c0a279837a85de05b70329:111-112,0
c2fd4b6be8c0a279837a85de05b70329:158-159,rO1tjD19VJw zRrBb3PFq1U
c2fd4b6be8c0a279837a85de05b70329:185-186,0
b34776109356f6b3e0db5cfa898560e8:6-7,Gkj5dV02_EQ PlIflyMj6AE
71f814b17c773ea7e8c29c251e9bcd2b:140-142,0
71f814b17c773ea7e8c29c251e9bcd2b:234-236,0
71f814b17c773ea7e8c29c251e9bcd2b:243-243,0
71f814b17c773ea7e8c29c251e9bcd2b:249-249,0
71f814b17c773ea7e8c29c251e9bcd2b:456-458,0
71f814b17c773ea7e8c29c251e9bcd2b:465-465,0
71f814b17c773ea7e8c29c251e9bcd2b:687-689,0
71f814b17c773ea7e8c29c251e9bcd2b:696-696,0
71f814b17c773ea7e8c29c251e9bcd2b:841-843,0
71f814b17c773ea7e8c29c251e9bcd2b:850-850,0
71f814b17c773ea7e8c29c251e9bcd2b:927-929,0
71f814b17c773ea7e8c29c251e9bcd2b:931-934,0
71f814b17c773ea7e8c29c251e9bcd2b:936-936,0
71f814b17c773ea7e8c29c251e9bcd2b:1042-1044,Pi8AzFDM2Ww PrcMxNw0XXk RDBDQchq4co SsCkctIpKd0 yiUbiXSdHbM zxvx9FezE_8
71f814b17c773ea7e8c29c251e9bcd2b:1088-1090,0
71f814b17c773ea7e8c29c251e9bcd2b:1097-1097,0
198848e2c4c6b430c20ea369a76b4290:0-1,3VvviWwT-10
198848e2c4c6b430c20ea369a76b4290:398-399,0
682bd63d6ebcfeeb071e436c389c070d:33-34,-RxdtyAqTpk CEe_n3VzN2U vpUHg7keJfk
682bd63d6ebcfeeb071e436c389c070d:114-115,-RxdtyAqTpk CEe_n3VzN2U vpUHg7keJfk
95416e066d839e19d9e32617dc16b8f9:146-148,CMnDWtSocjo
6fca64c7246679bd9639db6b77f41915:59-59,WNzDp5depoc
e66f81537483a2a52181450eddfb8115:238-240,ABu6h4zqW7I zmzLDau4xdE
7b465aa355535d76323c0f89dfbec8b5:28-28,xyT-4D9J4GE
7b465aa355535d76323c0f89dfbec8b5:91-91,xyT-4D9J4GE
7b465aa355535d76323c0f89dfbec8b5:274-276,0
8dc6d705bc17ffa0d60eb1c114883687:85-85,3IQNnxIXqpQ 4smTqQ6tSRE 5lF-etowCKQ 5nZ-gZV7wYk 6d3BWUZKHSw 7mhoeRSar00 95BZXj6IVBk 9SUh_5rEeQM DqnEGScVC3c EF9ETuIN_0k LrvSsxCNn-M MqOcFdD1iNU N7MvR-gB7kc NNPEk-l2uJw T5osWKJ_c60 UOSTlboQf7o oonPVQoopmQ sSOd4eMgWOg w4rNEjbC4yo xVXR9U2tb-U xznGYo40Xos yavrLZ8xbHM
8dc6d705bc17ffa0d60eb1c114883687:86-86,zM__IyIqlvo
8dc6d705bc17ffa0d60eb1c114883687:675-677,DUZJC2C1cJ8 N4dGicyXIUw zg20YZj239M
97e2681293ddc2deda043c7ecad8e133:357-359,doF4D22XYtQ
c4ea59aed7c795636147751f6a6727e7:24-28,0
c4ea59aed7c795636147751f6a6727e7:75-76,B2UkoD35FQk Zv1o7NKELPc
c4ea59aed7c795636147751f6a6727e7:151-152,B2UkoD35FQk Zv1o7NKELPc
c4ea59aed7c795636147751f6a6727e7:213-214,B2UkoD35FQk Zv1o7NKELPc
ecd26400af7665a6b1898ebdc4be4213:113-114,0SsA01VrR2s 1lwZQCq6o3E 2Y78EtMlhg8 2mvRVssCKFg 38w8n3MnKO0 4PKS8k0ugQA 5dwzL0dIa_A 6RJl6WogMFk 8-JCjleJBHI 8YLPBux00eQ 8f3caqPkPdE AgsOM3HMXT0 BkM3ovLVZO4 CQ0RLkk47NM E-jaLVf5E0U F5jEpygC0d4 FwT908n0I4Y GRjmaSWttbs I9RMSNpkUng J226ESXE2mY KjegykrB2Ws M7ZpLfhJeYk MMYNjSczzAw NDXAJroakyI ODxjFJsBNzA OP9oohpZRP4 OaZWGzeNWuk P5wGCH4aox0 PCMNErJkUSI PZEkv4t0ft0 Q-lnRYRc-Kw QV2XAgJJopA Qkil8ngPfGI QrhRbDOfeDk R-mmjqnQf9k RnR-izJzB2o RpAM9-CzAhQ SpxwOEWqJqw TiTcBqFI29U VQfcovEM5WU V_VsZRHn01U Vm4CKIehUUo VtdLld4tWgs VwY6uAc9A_8 W7vwzdQb7co WsJFl4rbtgA X2DCblwZ7Ws X2SEnUbh064 YU3OVvxBBdo YWXTZly7cgQ YZ0M1cFiq_s _G4iMMEtyMY _iKbWGbl5fQ aMEVPZmgyAg bHaiWy7az_8 by1lb5y5acU c_hG_RkpmDg dFKAjMBBRkU eIS-5PRC1bU ep1Y2JFFPr8 h2d7nvArXjM iM-octzRoKI ixNgLJI_BO0 jsTO7P74i04 kmcZO55sqUQ kpWEs_qCC_o lLIGbBuSmiU mUDXZuWom9M nREXXBYJUAk oXdFwz56BPs okK3Mzwr1ms owL0RCd7AQ0 pcX_TznmcxY pcxWK7TLt_0 puymbqcjwBo r1uKx63P33E tEOyI2KuOkc teGhTuTR-eU ua3ecCIi4Ow wEKONzQvTbQ wUOT_wV7uio xo4FkdIytXc
63a93146d89881c70d7f7c284db65b00:3-3,9SfQ3WiJUmI AYqKehh7l_U CXFSGJFyhkc GQr_dT3PRis fHvUrAOJtJ8 lCXK4_uP4sE pxtFDq2ZF2Y
63a93146d89881c70d7f7c284db65b00:13-13,9SfQ3WiJUmI AYqKehh7l_U CXFSGJFyhkc GQr_dT3PRis fHvUrAOJtJ8 lCXK4_uP4sE pxtFDq2ZF2Y
23c4cf0d73275c2d45e8ee8b7f616110:22-23,kWjoOUVOAnI vby98jzm4JE
23c4cf0d73275c2d45e8ee8b7f616110:25-26,ERQ5oSTyKD4 PHUI_Dc83jY
8a8940cf0ea9225c647f4f3a54059563:9-11,-1qf79B0fYA -30aqZsuu3o -5OcGXZoq9I -BLpIWRrms4 0H6v7lmvQeI 0Xq32esMZ3s 1gdHuwVaOFU 2-JenANmXak 3CgTGCgqy8c 3ITchcRC558 3VkLL4WJPSE 4WEisygOxL4 4u7sLtFnoKw 5-DNItP0l98 5MHld8yowdM 5kj46Z432lA 5q-n9ZGZ-4A 5vY6YFz4EEA 6oD3E5-1vg8 6wtulUdY5Gg 7MtvYkviN3M 8HzgdsL6FU8 8bJbTCykIho A5zrUSQu284 AIxr_w3VRg4 AYRdAzOaSSs AhwXOwJ5UNQ BJO5V_zdaLc BVr5lcEapoc BaAX2UsDnsM CMi10juNo_Q CxtF_y7PTxs D0D9P_P3qOI DaWIIU3sfEw FqeC26CNvcw G7ZZJXotTag GC7d8acZYec GJdIyNIQjMY HD8OhjWT8ns HEjNkm_7b84 HS9ZTqxD4Ys I2vlQXsB_Hg I5cTEfqLZwA Ivgnc2OR8jk JDEBwRQjSWk Jy2292p0IpE KCpC1Z_5Ap8 KEpcpp_7fag KGKXHhQc_zo KdWoofrCwS4 LPJVuif13bs LR3A5kVs_94 LZhv4IYUpOc M3a9tyXoTVs Mf17EvB7uBU MnHgAErJsFM N2zvZzh6OJg N3XHFRc7pAI NBZCn2VHVsc NSUXBnSkVTM NwKvvFQivfQ OaKvllceU6g Oc82WwEPItg OvIqgpcSnWg PBFXqtxGrWc PSOooyotREY QuMm5Li-JrQ R73SMnSPveo RBdimOrTBYc RCHH6UVkQNw RO-NSdrTDac SgBDwREUOfY T4AcEajCcVU TR8gszWIx3k TUlGxg2fV2Y U2l4lvA2QO4 Vh4fA4YdeYI VosZy38DS5Y WOKkhjP2LSY WTOO7Yt0m5E XMycPfD5KBg Xr88dWwOLU0 XzNSFICXkdg Y3e1KuRdTT0 YAJBMhPsznk YAUDTUuB4pc YZfEOgyrRIg YhlqzGf4_Qk ZR2zzDkdO-Q ZVwLV9g8SKA Z_FWNhMFKqI ZdGaUweD1aM aPeormt4O6o b0YmZFm0qxE bE62FuY-Xc0 blCmY_U7UlY cH9LggqMH5Q cRF0rJw8pgA caCFnLusZ-w cde0Bdc7LSw d2jtIhsYreY daWbOczfX18 e3H2dWca9mc elKvW_Ovcog fS5tlPzQU0c ff8beu93VRk gAxEqs7GEXM gK0mWDnjpVE gXcYFrex1Do h9hGmKXrXvE hagpaIqGzQk j6ZJw3hjapk jwQ5HdZeVRM jzef0hbRMgE kSBwR9SIWWg kU1OB5ouois kaM041UgsS4 kidqlLxucqo klurQ9Ccxbo l5SXndw8tDY leTf3gRGBns lf3NVsOE3gc llf43j7KKBY m6f9enLlWZI mZJoTIpqzxc mbTp1FaS754 miUAsJuboZM mw-YvUzRHmw nQVfn8oq6rY o8Ins2sPlWE olZzqwzTmOM oqYHUEbpZV4 pD3DoDEmSIQ ptSykNZT2sA qST1-qRfIUY qfb7HUE9MSw r4r_SoDzE0E r4uF72Bg3UU rPDdImprCj0 riitKIagsTA rwc4fGa_iZ0 schuasWX9PM tEWkKjv8AL8 tOkmQQx_Lv8 tphDe_oZdbM tqeo4QexNcw uHbm9T2fhgQ uIcHmSqU93E uWGq5y42z0Y ug4X6WAwZww uuS11tQ94Qk vHb9JiWTk74 vNOJSpEK0AM wCs1rlqS9yI wY4r2UlDtIg x-ARq8hzS7I xFVK3bJHRpI xiuhTkGIUmI xw_UR1IC2as y-qIuT_TQHg yLBTZjaY-X8 yzcDi2qLcEo zC3cLgERb4k zHhN5AXFblI zPSUykZ6CIQ zR2OMLn3g2w zzZp64FxOaM
fbd3e74e8c5da6feec01b619d74f8c77:3-4,0
fbd3e74e8c5da6feec01b619d74f8c77:8-10,1z0YAZds2hQ 20YPPjQ9xX4 3LLizA9q4wU 3rtzN_cgP7c 4y6FB0ekq_I 4zygxyg7ixo 5M4rFP07j7M 7naKXKtJx_U 8NSoGEsVXbY 9O6rp_gLwag A0Mut8cQ6eM E2HCbat53yU GuHB-11fiPI JRDgMzFH0wQ JwkXgQA1XaM Kj8T9rXkZgI PlIflyMj6AE Qtl0hlXS8Sg RnzX0VOkjkc RtM6nTaFmUI Ru97Ry7EEzw RxuRISS87FE UsVTv9pafH4 VzOd89JMpt4 WHnwwtunhvU Wm_iD_FCTPU _fJI7bZYkPk axn9teI5k3s bS6WC4_xgCs bglnl4v2Mws cv6SXoO8whk f9aKfgIDyGM gL7bbICQbcw hCKwNIQrYQY izE2LWO0L08 lvSXwNgHbBU mpy76g-BzQM msMYioWCDh0 o3PblUO8tDU oPnP2HlK4Lk ojEH2XMv8FI pAIeZZTrM1Q rO1tjD19VJw rTp650JM0WQ sMAT2uJ5g1Y sTLk3C0DG-I syis2uPIw5k tPYE2vU9QRY uqf5HObbets vQtWz5FrKsI vSTHsMYOqqQ vr5C7Eo-lb8 wGrK5eZbikY x4oMFHpqc3I xtibhC8zDZQ yYCmc_WE-Go yzQmlGREZlw
29f05a3448b342b323822f8608625dd2:9-10,Un9l7WnJqrQ
9f3d174fe6fdae48f32905fa8e383abe:14-14,0
9f3d174fe6fdae48f32905fa8e383abe:27-27,CQR8tsZfFXY xwkRXd7CMDY
9f3d174fe6fdae48f32905fa8e383abe:30-30,ubgMnS2u8xk
6adfd1f881b6c599c496f8312b2085c4:48-48,6sBv7noWuJY KiGQbZA8VyQ RLICHMPY1KI W4-fzaodn3M kM4vuegreqQ uUkU-Sx0ImY
6adfd1f881b6c599c496f8312b2085c4:181-181,6oeJd1ng61E CZDCRzAvmvQ SnMd59fcUHc ZzN4UgcHLxI fq246tpowuw gWi234xnUCA hao4XiEIeS0 iCuijAaPD9I oMoqZsz46oQ pWtvpktIsm4 vppcpN5je48 wRLruAWivFA zKdAGLr1h64
380b938d86a94c2c1c509da9ec6659fb:23-23,0
380b938d86a94c2c1c509da9ec6659fb:31-31,NdCCXdsXONs z63XY03zB90
380b938d86a94c2c1c509da9ec6659fb:175-177,msD1ENhpSGM oM6ac-2nyMQ
e92b5121cf79d94fe48c0f5c8a28bdda:39-40,0
e92b5121cf79d94fe48c0f5c8a28bdda:51-51,-NMd2n6jwTo -rhGZaK6dEM 0RqKnaVBamU 1fcdyTJg1pk 39_764s-UDI 8ZOAqZ3WGas 8xd1HEL0kUo 98EZMxFKQco 9QGWcoo8byU 9b3HS_rZ0wg Az1sRgHYfq0 DHpnvmzIUjs DHvXpwXhENw DQBFlvfwktA EnvZf-MFMAY H4vdElmdaIs LqkzsDC5il8 LzUqKYur5lc Ngc28GaulHo O2XRefCy6nE OWw31L3f7uY OjFxfCGuxgs OmCa9Z6BINg PItKzhIPODY PmkYmqlwBxk UI-CkV1gbFo WZSVgyejS-A Wl7pGl5O4Qg Xnrkks7fabQ _WQCVPYybm4 c1rd_FSmD0Q cf8X05ZPjAU cr2lzOoQzvI d32l_4P4g4U dfHc3VDcZzc gRen1X09Uco gVRp_JpJQOo hBnkk-rNKDg hYilZsnUk8w hpfy424Xbeo iQJNLhR41dE jS-c3OwQXEA kUa_wEzJGis lJBs-Nzbq_A lru4KuB0A04 n__y8EysjEQ nrnbVBByEcY oUkdZn46LEM ooH-8Fd2tOw qo1B1S2tpJ4 r8-yOb7UN6Y vkUZwjvziOs weHA586rzoU y5YYKA8V7L8 yeFZSA4tkYY
3a99ba9561aaef62501f9490779bbe99:20-23,0
3a99ba9561aaef62501f9490779bbe99:77-78,0
3a99ba9561aaef62501f9490779bbe99:81-82,F4w_vI6l6W0 UNl74e_EDPU
3a99ba9561aaef62501f9490779bbe99:210-211,KmepMxTzlJs _oSl2UMpkxI tBdfuMP88Q8
3a99ba9561aaef62501f9490779bbe99:432-433,KmepMxTzlJs _oSl2UMpkxI tBdfuMP88Q8
3a99ba9561aaef62501f9490779bbe99:435-440,0VlvDe6lFMk 1CAi5zfJ8SY 1DGMsw_DqDQ 23SIps-_F50 42UHyTbyOQQ 63xwAa4Q_s8 6MkCw4zn1jg 8EFzoaWKaqo BTXBbgs4gpo D98slfwTmG8 EgcWFSWgpKY NT2wlsoRRdg PeSTk2PyFw8 Pi8AzFDM2Ww PrcMxNw0XXk PuzTKahdqVI RDBDQchq4co SsCkctIpKd0 _GuZbFt6z-8 g52nB9XiLvE gDFaEgtB7b0 hDkP1-OqaCA l3WTnWbaEFY msVowkhYxwI nMBe3yS5yv8 oye-AnJw3-s sEI9u8GnoRU tO3VEywFSXY uJUGASOdkp4 urJhj2hadnw vTQyQeq7eis yiUbiXSdHbM zxvx9FezE_8
3a99ba9561aaef62501f9490779bbe99:673-674,0
3a99ba9561aaef62501f9490779bbe99:676-677,0
3a99ba9561aaef62501f9490779bbe99:679-680,0
3a99ba9561aaef62501f9490779bbe99:683-684,9S0DhKjAkwo _KyEpDlfiYw dBuVaUT1xs8 sjNOa1vu6NY
3a99ba9561aaef62501f9490779bbe99:686-688,0
3a99ba9561aaef62501f9490779bbe99:694-696,xls3C8UwhRg
9831f816cd3678a10993e13b1b0f0c00:32-36,0
9831f816cd3678a10993e13b1b0f0c00:50-54,0
9831f816cd3678a10993e13b1b0f0c00:57-60,0
9831f816cd3678a10993e13b1b0f0c00:61-64,KY0jmObDCxo
9831f816cd3678a10993e13b1b0f0c00:65-69,0
9831f816cd3678a10993e13b1b0f0c00:70-73,0
9831f816cd3678a10993e13b1b0f0c00:80-81,0
2b416dc14e35bcb68bdfc82690be537d:227-228,v8g3lL0Rew0
2b416dc14e35bcb68bdfc82690be537d:243-244,0
2b416dc14e35bcb68bdfc82690be537d:317-317,0
82146d909c533ad4726e89c8011df102:17-17,18kqiEWqtq0 7GeEev2Zin0 EKfBlf8OSi4 J3UJdp6EnjY LyramIzPNXI OX9RsLXuD_A V-V4P6tLbyM X5mL5kas8EA XNoZB88j1DQ oRq8kVVhFaY oqoLS2PidwU
9e0ecbd7066b032de0ec3ef4b2e6a4ac:76-76,Ymt5EbmrzII
ee7ff532cc529538e2095334ab0a1d0c:25-26,0
ee7ff532cc529538e2095334ab0a1d0c:42-45,ofEm_taKED8
ee7ff532cc529538e2095334ab0a1d0c:95-96,0
ee7ff532cc529538e2095334ab0a1d0c:147-148,DJZpKMP_9bI XmD-rUyMWz8 dxlPXrNmC8k mrEkeRC16aw
704cf122b312531677aa263bf58e3cc3:31-31,--8Mw_MOYyA 8KETFsuoP34 ODs7qfj7N6s akvAXDxd1FQ aolCAGC59Qs edO1WGb8RfM h9i-4ZOY00I kGFb4PXby2M ptBIkYDMNpo x4WAHQ5WYbE
704cf122b312531677aa263bf58e3cc3:97-97,38-JbkM6ZPc JyLFNfgYRBw Tir9ICOWcmU hNUxuVo9Feo
f733e2812dab2384f852f57db1213899:22-22,2YALZazrnuM
f733e2812dab2384f852f57db1213899:49-49,2YALZazrnuM
f733e2812dab2384f852f57db1213899:52-52,J4T2ibL6gPU
4769b024406b9da2b0449bd5998066e1:29-29,xCWGgzBt_co
2893787c9cfb5ea34e2788b225bd3c8c:190-191,0PMVf5Z9UFw 43tnUs7udeg 4TsFYgJ47y0 8PUArH1sUOs AOeA-6ShCbo BRKIsaD8sFU FdwRlmby_fE LMvUwHnxdDI O---rMZK-GQ WKyV0SkvD-U _XM_kA_n2LA _uHEL4YBhO8 nM59lm_xBQA sZpSckgjx1k vL8M-nbzFQ8
2893787c9cfb5ea34e2788b225bd3c8c:193-194,0
2893787c9cfb5ea34e2788b225bd3c8c:199-200,-LfSpuIdKBI -NTwzB7Z-BQ -hvcm-JTK-o 5EhcogLK7wo 5Ixx67BA0VE 7KNPx16eZA4 7NX5gqFzN-U 9UfrfAgWgBg 9aV5INrVo7I A1Hvc8SeAMo AOB5iKrYOoc CTqJ51M1HLM ChzwJIAqu2M D1sNrHM6jUc DMiIroKIKsw FfhBZB0Iv5k GDj8XYRrdwo GN-v0bMHkhA Gbr2UGbOHwc GsPCiG-lWZs HQL8ks9enFg HxS6d5qszTM IUAyneRsFy0 JdRSVsfv5kI KcWHOK2ph_g MxzASmEj1G8 NmwVYXw3V5U O7s5AjLlhak OxT025aP1yc QV2TASlPxgk RefWGzOirzE S4ltIPMupnE SfxFPvXsdYQ THEIiIDMZJI UknFvJAEO_c Usqmg6wQg2Q VlYoIk1VQTo Wesm6I8IZGY YZLI9bFjkgs _E16btqavV8 _JqW67m7V7I _kgARAWG4pQ _wJ_268Gbkk aUBL5Oa2OK0 c2fiE9maNJ0 cPlkwQHxIiE cdz0iXzQ-lo d5itCO9Ah_0 dv1SrVn1m9U ewQ8SCpz8RE gkcS1Ai2QSs iGSoxz-zaH0 jeYyZwHoksg jmsAjsBVVHA k1jp49SNuek kA-qP_x4XVo kgMAECQ93FY lqxllcr7N-A mHsu_A42JeE mbm-24Pm-Jg mo4NxkfckKw odXeMkfy5tc q47xVlY9Ysg qNcuO6DyNds rSnsy7d9f6A tS4p9nZlzfE x87OIFOch0M yGdGA4VEwuc yUhXG81DWGg zlSgmdqzzzA zry31F_QIN0
2893787c9cfb5ea34e2788b225bd3c8c:246-247,1NG-rg73e2k NL1nd1issgQ NcbTOYlgk-8 PTMovJFMXfY PpzT-UikNEA V6SySPG6JOs eNJOZk9YoLw
13b5210fe8227946b61b7b477e9fd92d:11-11,1Rv5T7enWHM 7GzW3qmfgBk 7qMnvnNiHKI ARASDodBxDA GPLrEB8I4aU NHSczAQATdQ PBFRQT2ICNw X6U2r_Y9q-8 bOsHwWbDFOs f-6g-UqT81c mjt2W13djaM qAPeYKSBqHs sJ29vJvxfDc tOLDspuSr6Q ulmCh08UPAY wGeL6la0dMc y8ayNWmR13o
141361c53f2549232d5993a511a31da7:6-6,xyT-4D9J4GE
141361c53f2549232d5993a511a31da7:13-13,1dXj_2rU4zA 1i4CAZfixL8 6gaSZrcfCUU GI0KWPsQbYc Rnja2vYwDFw azmyqpuDlbQ e4DmjkoUTaA
fecd0938974f710f8327b27d165d80e1:109-110,JXx7qKe_11g NKzSo_gc1xA U2Q37jO35oI oBOaRwlnB0w xJdc-TqFZQI
cb156466f8421ba2ad953b3d92679271:59-61,0XlzEW-Fn8o 5M14rGOqhFU A2NIYGYjE0Y Cun4cCj8oDA F6Eg5wICrBg J1MuhuKe-1Q JZeQfWxlR_I KioezDlzlFg KtzpKl1sYFU L5sqyGWH8-Y Lpz52T_AMIA NYOkZW3Jq5s ObFyQ1aZ9GM QcNcPA7-oKw Tp5WAjyTmsA UQV6e_iseMU VXHgpz7aTac W7WHl8VNzak X-w-NPNVvpI XRvSNy8IS_Y YQqD7YRr9zY Zps-Cg9cn-I _F03c0NTxrY c8mFxsBlweo dgO-HoeIjWo dnLLh98TcKI eI6yNryHwUc h19npiyDC4g iUSuCY-mDPw nRMgS1I1PeU oHLy3oeA59M odbTMleFVXY shgrNogiD7o upokP3Psc9s w345GOG2QBY wi-y7Af9GJI wy80-kiSH_I
cb156466f8421ba2ad953b3d92679271:102-104,4B9HW8gQT4U 5Gi0M8yELts Lr1FZhLOHvw OZvIUyiLRnM inSZP9y5Mtw wV8eVO9p8ks
9278b3b4035ca676f75993ad11b0bddd:130-131,4nGi6QT3WrY FTDti5gegE0 Hh1Utz2TRPA X_2D00Cr7UI hpt8yY488A4 n-flnZQAanc x4hPC1k29uw
9278b3b4035ca676f75993ad11b0bddd:135-136,4nGi6QT3WrY FTDti5gegE0 Hh1Utz2TRPA X_2D00Cr7UI hpt8yY488A4 n-flnZQAanc x4hPC1k29uw
9278b3b4035ca676f75993ad11b0bddd:173-174,4nGi6QT3WrY FTDti5gegE0 Hh1Utz2TRPA X_2D00Cr7UI hpt8yY488A4 n-flnZQAanc x4hPC1k29uw
0aacdbbaa7dbb458aa5a4d14c9751f11:54-54,GOIyt5DgB7A IrW7ycyjSDE LPVevkaRlL0 cbS8AE7Xxrc
5e8a1df2a7f57827718a75236bfbd739:32-32,Gl4zezRzyvM YhfNoGC2DGE _-FO_EuDsAQ _4URMfmUthY fvBob_Rl5E8 hugDsao9UyU rNsJxHqO0uU xDodwD-WwVI
0f963e7a387f594a4480d659240e9ed3:17-18,2Qv0xEKgQYA 8jO_u_ry170 FCjXEaLifaA HDzXDqM58WI KN-LgdXOAo0 NXkEbDhVshU NfL_F--Jf8M O5cuwK4-Pbw PjzBqBffm-U fJHmUuh7His istHWhnHiqw lbeM4MrejqM wpMNMQOaV08 yRdLJL2UZx4 yae8L05MzRY ynhWDy38r2M
0f963e7a387f594a4480d659240e9ed3:43-43,-3ZdN0Kr_Pg 3EbOjmkUtfU 3j2j1XoaFGM 4IGNRg7Lirg 4Zo1k6p-jvU 4swJDmynUHA 5lGeyyeUehM 5peYI4w1x38 6K8Zm52mXFE 6QyAh0KgQwM 7Mxwc3XJuig 7hVgupqy5MM 90P-_yg8zhs 99VUODogs_w BGrJkKASgm8 BwStclNCtPY G4R5EOzWRHU IBAz9VX5r28 IiHerqk_ris KN-LgdXOAo0 KTSlFc_oeQk M0IWBKgmY78 Mpsn4TBEgwc NXkEbDhVshU O5cuwK4-Pbw QGY4OrmopLY SpgDlTKWLg0 TTVXwceB6dc UeYJxrtM0Aw ZXQ9WZeIN5g au6Xvx3lcfk cnHCmzfJDFw elyp6bbYU4Y em7LF4UFOTQ esBRypS6J4Q fJHmUuh7His gLmYLOgh40g ivGRr7so4mk j4QdIVPCgQA l1YQSIbeGTY m102_mX8Pwg n77CFoLIYVY pBWuMLyEFY4 pQuJoeJcuhc tJafkISEoWg tYDUK30bON0 wOKTuO-Qkf8 yGxp1M7SoZA yRdLJL2UZx4 zOgo6I7YAQw
56adb3f2daf94710f8a97d9f80013a0d:40-42,24S1FcZnU0U
9db553f6b7a0b0df3c5d5e137ce8cbf2:91-91,0bhlRqtzQdM gErv_gbAPRg sW4Ho5igtK0
9db553f6b7a0b0df3c5d5e137ce8cbf2:105-105,0
9db553f6b7a0b0df3c5d5e137ce8cbf2:207-207,0
9db553f6b7a0b0df3c5d5e137ce8cbf2:230-230,0
d69e01d1ff735214a533202e74e12bf5:4-4,kyrZW7WUMLE
289ef4c8470c577980ef57017d6485ee:19-19,b3j71c5Z3vo
289ef4c8470c577980ef57017d6485ee:27-27,0
289ef4c8470c577980ef57017d6485ee:34-34,b3j71c5Z3vo
289ef4c8470c577980ef57017d6485ee:43-43,0
289ef4c8470c577980ef57017d6485ee:50-50,0
a6d6ea2c0fd774e967013e4bbf2632b5:121-121,8o131Axs6qc
a6d6ea2c0fd774e967013e4bbf2632b5:169-170,0
a6d6ea2c0fd774e967013e4bbf2632b5:175-176,3Bjpa8VXLj8
a6d6ea2c0fd774e967013e4bbf2632b5:186-193,0
a6d6ea2c0fd774e967013e4bbf2632b5:195-195,NcbTOYlgk-8 Tmm3x0h01ec _Auy40SMKQQ g2PNlxC56kY
a6d6ea2c0fd774e967013e4bbf2632b5:199-200,-lnkIozCMR8 1MuOHFzb1sM 1YpTLHtIXRI 2Az5Eb2AF_k 4ucyijUtAag 6zw_p_RqeFg 8ak8odE3tTE 9TV13rBt5-8 Baju9rNQ9-U Dj7rf-biBzE FBp3IAq_MUU GiaWXbVe1rg HT8_mbJzAB0 LrNZ5U1bAPw MYk6TvK7c8o MeYXqGPZYW4 MkUNATz_qVE Nz2YILkL80I OiGWds12z7A PiWJ_EhbSRU Rh7SzAp6HqY Tnsfm9NwNss UnA_7na80Zk UqCJq33mwvU Vu6KP9GfeZc Xeg0Shhjv5c Y1qCSCiHF5U YPRQgryzy3c ZOfkS2M5m_Q csyZFkZsXzQ czkafXPpGtM dYpetOfclTM ht8Ybdo3gLc iDHaT98az9E iQWmDLJOJbM kU3gAh1cmhc l5HjD4Rv-DU mNqENtfjdjY mp_fcaIcW5M xPY9QiiJACY zlGDsDoygb0
2be210a890a2bc75be4ef1e2a2a58f0c:29-30,0
2be210a890a2bc75be4ef1e2a2a58f0c:32-32,0
2be210a890a2bc75be4ef1e2a2a58f0c:84-85,QpcGpvmE3H8
25e2e140af776b7229291624369d7266:16-16,0
25e2e140af776b7229291624369d7266:85-86,IzB971-Lk_A
25e2e140af776b7229291624369d7266:108-108,REcmttm8xGc
25e2e140af776b7229291624369d7266:152-152,0
25e2e140af776b7229291624369d7266:182-182,REcmttm8xGc
804cb50fb05eb86db516f428a6eebe9c:634-636,0
804cb50fb05eb86db516f428a6eebe9c:638-639,-1M7hiN6rec
40030ca0af78f595971ceb6c6edde145:12-12,0
40030ca0af78f595971ceb6c6edde145:41-42,QYAy9uwqr78
2175d2c25b3b50bfa70b25611d90d4e2:35-38,rJs1EqaGtg0
68db6ca144ca7bd6716ef4ccb6f3d939:10-11,ddPRptwm3Ys pKGSXNbtViM
68db6ca144ca7bd6716ef4ccb6f3d939:43-45,0
68db6ca144ca7bd6716ef4ccb6f3d939:50-51,0
87a18c21edf08341f37c13e9910d4c4a:16-17,-Tx_jhDI6dU -WPCMsa5w38 -hAJE1gm12o -nvEIYtJuMg 06GiaJGSivg 07OTb72lt9A 0HQdwnATrVA 0UNmh13048I 0Y3imqFLl0w 0s23UQ8D9Gk 1XRfyHULYvA 1b-qteslsBk 1vAaeQ-E6N4 2Br8cgK7inE 2JsRKYOeS5w 32XWAaP6Ck0 3OELXeso904 3oTAa5TPp2Y 4dIG5XJ7bGU 53xOpGobXQE 5796KGcFECU 5Pvjage68GY 620OWv5_0_0 64xKSimvoKw 6TYZ12rX6gE 6TiMuxXunNA 6WZQ7GiqnLc 6juk0ZHnEtU 7cMLd3gUrAs 84Lozx4tog8 8AmjnqPwzcM 8TauJqBhiso 9O0j0XAFBc8 9SIXxyqgjRM 9_EVy7HDerM 9wCI0q3DRnM A2z4cNu898s At_kt7cZDww BGPWncBVjcU BZIeDZqAFzw Bqt2eN3s6-s CjajbRTSVpY D7rcnW-mKGY DNnq9ehuwIM E8DJTlic6as EV5f7ik2hlg EWXA2H43VSM El3zB0ODQRQ EoqzVL40820 ErszQQ6My8U FFWsX2CjF1Y FIx9b5mlJKE Fw9CqsdEnjg G351J7y1PAs G9WDymjZoIc GA1VETcQpdQ G_EiUJM133g GjtoWokI4eM GnXA-isSprs H77hsg4pkuU HcSJU_fzWIY HjgTwmuh5bM I9u9XLF2Ilg IV3MebkQ_cw IV9qBTw2YkQ Ia5ckgGwPck Janz2Kh6ZRA JnUuoP5qOAU JxYCLzvQFZk K-6PbpuFXYM K-g4C4hxRrM KA8ohSK4DlY Kfu369_f8DA LF01zHdAuSw LOMUmuS7lPw LTeVVLsTPms LYlG_R8oEDY LZMIac2X1BA LdjQ85obhF8 LhHwUUm70mA LjyPCDWjmn0 M6hrh9rgsBQ MbD-yPPG_qA MiDuQxggEGQ MrZxt7zv-WA N0-CFViWbpo NdCCXdsXONs NpXAyEziYek Nz3MlYv3KiI OG5Vnuqz8rQ OOK1-yVeh6I OYKX1tALxoI Ou8Taq2eSvw PD0j4TyGvbA Pm203OHgL4I QSo5YT2xGII QhsDmxmn2lI RVEInxXS6R0 Rn59XXPRoP8 RtFw8k1JrxY RvVg60h4KGg S3xozibGopQ Sw8gHBfDPJ8 T6hDBGClGYY TDL6tkVIWok TUZwo5EJWYk Tx7SHlC2xJg UCB01s3F-kU UbcZEfHRb3E Uu7zoQUjdO8 VXHtSV5AJHw Vbu2_i7vd6w VziGeWlZ4BE W-KxHb8h1Yg W9bBWI9UWGc WEunVvLIpLE WcRGfediuDg Xmv9aDFp94s Y7k2fKmZpOo YNINYmHoiR4 YX00Zl5Lp_o Z-CSqL_pvnM ZA0kEpyNR_o ZCeeqVrCjsE ZGD5KPQSw58 ZckQIk1oi2c _3_m6oEh-W4 _7ArgZvYXkY _K03N0MZzjc _kS9rXeGX_w ahxTewWM3MA amnNpSflTw0 bAZi76Yp2mg bItmVJJmpTU bkxw4_tBfXY c5ADz1dQVLI cCL--uxojJo cduPgD4GM34 ckbC2QF0tPs clAH-KZwrFE curV78w4ta8 dOw8o6sl3Cg dUUNbpauRoQ dV7CRuY1Onw doYr6k1tnRE dsppHX0xA4U e-OVipleEv8 eEqNZrMNoM8 eP8G8Rw659M ed2Ltonfv_M emtXacVnEbQ ezN6crWREzw ezzQ7B-bLDw fEhgogE_pcY fSnKUJqUm64 fq3N_etqmoM g9RL5V02aFs gLShx5APccA gQ8KCeEA0t8 gWhq0y46c4Q gbwnbmNX08A gsaT9I5cffg gx-i6qBj2vA h1AUPI80m2U hu1XL8S1_M8 iFb1fR-896s iIqmm0pPzP0 iKUg2HWoH-c iMjAnbLWO08 j-a5gtA58WE jN9i0JhrbKU ja1wuW0PQlU kBpkj2dEuR4 kNKSEvWM-yE kQ_gcit9pDQ kgp7lWQe0cw kmpO0Uh5Bu8 l4p_G1qPgRI lo1qH_Y4HKc mDl_242QZyE mPGgMQraoXE mpSadgJ6Yes msLAxcltrZQ mvS8iANjinQ n91PCEqPGus nailh7T9GBg niEC5ZnRCfA oIuS-0CXoxI oMuYOO59Dys obSJlkJBNvk oe6BgI-sPPk ovQ0iMQmfkQ pBmutmPgJig pOUaYvM0bIw pV8YgMzIlzo pbCH8HQOKrE pxQzOoZ0oG4 pyPsrmw4SVE q28lVuWoTAE qBnWhOEVzgU qGk9mXEe_No qICxJEisKVQ r-IskHTRsE0 r5T0GtCoteQ rOvsp6mTBcc rlY2H1eI-1M s4gdYmbEpRY sVgRAlqtA0o siiuHDVeIMw sm96cXmZUV4 t3M2co88Qtk t3cw9Ip83f0 tCO9qiPLwXw tViGv1EoyEs tZGfLfQynGo uIZNpDZ4v9s uJKcobaFavg ukBavn7R-VM uo9txUVx2Ic vBPGVifqGRE vOLzXmbLLUE vl42quHo5d0 vlOF5PDUYpU vmchiZmmtq4 wAP7qIT3g2s wW_mJvix3Bs wa61PziCbZE x1-M7tNJpKU x1HQoN0IPu8 xcYoSFeHjOk yqADUcJfOfI zEASIWk_Ukg zUUK2jp-BOU zhyfqbsACoU zjgMfjHIokQ zoQAvprLSSw zpU2j0coCac
87a18c21edf08341f37c13e9910d4c4a:18-19,0
d821e1c229e0140f404ce4f5145820fd:509-510,-lnkIozCMR8 1MuOHFzb1sM 1YpTLHtIXRI 2Az5Eb2AF_k 4ucyijUtAag 6zw_p_RqeFg 8ak8odE3tTE 9TV13rBt5-8 Baju9rNQ9-U Dj7rf-biBzE FBp3IAq_MUU GiaWXbVe1rg HT8_mbJzAB0 LrNZ5U1bAPw MYk6TvK7c8o MeYXqGPZYW4 MkUNATz_qVE Nz2YILkL80I OiGWds12z7A PiWJ_EhbSRU Rh7SzAp6HqY Tnsfm9NwNss UnA_7na80Zk UqCJq33mwvU Vu6KP9GfeZc Xeg0Shhjv5c Y1qCSCiHF5U YPRQgryzy3c ZOfkS2M5m_Q csyZFkZsXzQ czkafXPpGtM dYpetOfclTM ht8Ybdo3gLc iDHaT98az9E iQWmDLJOJbM kU3gAh1cmhc l5HjD4Rv-DU mNqENtfjdjY mp_fcaIcW5M xPY9QiiJACY zlGDsDoygb0
a0c0d3e3c4da1e67695387f5bbd38944:12-12,NcbTOYlgk-8 Tmm3x0h01ec _Auy40SMKQQ g2PNlxC56kY
a0c0d3e3c4da1e67695387f5bbd38944:126-126,NcbTOYlgk-8 Tmm3x0h01ec _Auy40SMKQQ g2PNlxC56kY
98bf03f13fc44525e8cf5bb99192fa67:95-95,NcbTOYlgk-8 Tmm3x0h01ec _Auy40SMKQQ g2PNlxC56kY
98bf03f13fc44525e8cf5bb99192fa67:217-217,NcbTOYlgk-8 Tmm3x0h01ec _Auy40SMKQQ g2PNlxC56kY
6b360544ba2b3086703a671ef29f05bd:56-56,NcbTOYlgk-8 Tmm3x0h01ec _Auy40SMKQQ g2PNlxC56kY
6b360544ba2b3086703a671ef29f05bd:95-95,NcbTOYlgk-8 Tmm3x0h01ec _Auy40SMKQQ g2PNlxC56kY
f4c2b4695182b6ce43ecf67f604f8125:95-96,-1M7hiN6rec
54aaefadd5bbb9be427be3a3608307da:30-30,Cb8_K9BrW-M K5QOdwgSWtY
63a93146d89881c70d7f7c284db65b00:34-34,NcbTOYlgk-8 Tmm3x0h01ec _Auy40SMKQQ g2PNlxC56kY
63a93146d89881c70d7f7c284db65b00:75-75,NcbTOYlgk-8 Tmm3x0h01ec _Auy40SMKQQ g2PNlxC56kY
63a93146d89881c70d7f7c284db65b00:190-190,NcbTOYlgk-8 Tmm3x0h01ec _Auy40SMKQQ g2PNlxC56kY
41c762ce9fc168f6aaac0439ca571edb:216-219,0
41c762ce9fc168f6aaac0439ca571edb:224-224,0
3b517fa5ff7bd936d67d8fb1e019ec95:416-417,-lnkIozCMR8 1MuOHFzb1sM 1YpTLHtIXRI 2Az5Eb2AF_k 4ucyijUtAag 6zw_p_RqeFg 8ak8odE3tTE 9TV13rBt5-8 Baju9rNQ9-U Dj7rf-biBzE FBp3IAq_MUU GiaWXbVe1rg HT8_mbJzAB0 LrNZ5U1bAPw MYk6TvK7c8o MeYXqGPZYW4 MkUNATz_qVE Nz2YILkL80I OiGWds12z7A PiWJ_EhbSRU Rh7SzAp6HqY Tnsfm9NwNss UnA_7na80Zk UqCJq33mwvU Vu6KP9GfeZc Xeg0Shhjv5c Y1qCSCiHF5U YPRQgryzy3c ZOfkS2M5m_Q csyZFkZsXzQ czkafXPpGtM dYpetOfclTM ht8Ybdo3gLc iDHaT98az9E iQWmDLJOJbM kU3gAh1cmhc l5HjD4Rv-DU mNqENtfjdjY mp_fcaIcW5M xPY9QiiJACY zlGDsDoygb0
3b517fa5ff7bd936d67d8fb1e019ec95:419-419,NcbTOYlgk-8 Tmm3x0h01ec _Auy40SMKQQ g2PNlxC56kY
3b517fa5ff7bd936d67d8fb1e019ec95:446-447,-LYYc739Wss PVqDhfWsZP0 PkM1tvhpFFk
a4bbd8616f7cc9c7a8adf7e4130670dc:346-346,1dXj_2rU4zA 1i4CAZfixL8 6gaSZrcfCUU GI0KWPsQbYc Rnja2vYwDFw azmyqpuDlbQ e4DmjkoUTaA
a4bbd8616f7cc9c7a8adf7e4130670dc:440-440,1dXj_2rU4zA 1i4CAZfixL8 6gaSZrcfCUU GI0KWPsQbYc Rnja2vYwDFw azmyqpuDlbQ e4DmjkoUTaA
2893787c9cfb5ea34e2788b225bd3c8c:259-259,NcbTOYlgk-8 Tmm3x0h01ec _Auy40SMKQQ g2PNlxC56kY
79a9e48a7ef38ff13c58ed8e41f71717:414-417,0
b81a4f9cffef7822f92effbb33869519:17-18,-7o-QUmQTy0 0Jsg1WYxAfU 0SsA01VrR2s 10STVHS7w3E 1HneNaLczzA 2Y78EtMlhg8 3qO3KFQK-Fc 45daqGLivog 4lIIiTsF114 5--fjvzT-Es 5HYimGW_ROc 5QRN5hfO8nw 6lsyMOh34yY 7G1D_NCEGNQ 7V02gG9ZyrA 7_Ozaosh8gU 84Prgxy406Q 8f3caqPkPdE 9QrGE8yB7m8 A8SikZfnexw ATkDUrtkpnU Ap0-pBlQsGE BEF12pfnS-E C1XPTHzz_-M CIiamC8HMeE CnEKs8zH5jM CqIigsqf2Dw CxuvL7koKiA DnuyVt6KB6s DzzHWh1wfDU E-jaLVf5E0U E5QLJZfrJKs F_jhd5wIOwE Fm9VM1bDE2I G8aHcS6yXvA GArlDCFWvgY GT6x8w-n3vE Hygn-oFZcsY I5ik0MatwTg IPa0Q8ladaE J5bh5Gl8uuE Jcs3JXjtIuI K6WNgyZxPxg MRcxh01icT0 MlN-tfWPrcw N47VSdZPvLA O31Ux51XUtg OaZWGzeNWuk PVWtWlsfDDE QV2XAgJJopA QyvZTvYXZZk R3Jql59xYzs R7UdEKoFfbQ RnR-izJzB2o S5ktxcoT0_w SKvet1rKKTM SNKwFspKfsk SkN3q6FhhBo SpQ3YsF4CRU T6lAHI5aNhQ TqEodfR3JnM U71JA_NkTWA UfrnbyWZupw UpHzAQkoIIk Vh-oM01xSzQ VwY6uAc9A_8 WC4IdycFiUw WkafN11G7Kc X0ig7vwPLFc X3guNVL5dHo Xj0eXh6ZPYE YNNL8uszLDQ YZ0M1cFiq_s ZXIPL8eZhjY ZYwJ-TxONvA ZzIeL4ILkzI _-FO_EuDsAQ aMEVPZmgyAg af0k22vH__M bQDTA7dMBss cNc5Q8LgUFU cbXw0xDPqpc d5THdeVJzAI dMwaX4e09Qc dYsCdrYZrXU eJvugblRMB8 fJpj55gZ2Wc fSNKB-viFgw jLR6y60Js1w jRVaFntdiHw l17D696UC2A lZpcjWHnMlU lfKODdwZwKM mJ6A8Tcar2Y mbes4aVa7sQ mhn-nxBFJFA n-iVnWMcRgE n4VszQ9vC-I n9q-SZCOBA0 npeijcZh1F8 oGBlQDwUyCA obcA6mgWrxY oc5Y_ccfFjg p65T7lAEJxg pIvP_0urKIk pqw1zZAzo6E psnOmfHzRdo qfL1MVUrnO0 rm-xPHsTHPM s-l78oDVsyc sEWijRWJl7g szRMw1dz6c4 tSU0IYp59wA uUCGCauf4Sk usG7Di8qUXI v5tV4vLklT0 vNmAk9tDxlI vzSkFqYnXOI w7SlC576x_M wEKONzQvTbQ wMge1XB8eSc wuoUV4E0BxA x3mU1TxS8Wo xEbklAoFEMo xUCq5c5aqfQ y3Mz9LzIwvQ
8dc6d705bc17ffa0d60eb1c114883687:219-219,zM__IyIqlvo
8dc6d705bc17ffa0d60eb1c114883687:409-409,zM__IyIqlvo
8dc6d705bc17ffa0d60eb1c114883687:447-447,zM__IyIqlvo
8dc6d705bc17ffa0d60eb1c114883687:484-486,64j6xSkWDxw GLzw0uj9Mwc KLvgjMbBf-M WACbjsZ6lSM Wd1laEvdboU X-lY54Fgryk _kc_dHfh5OQ
8dc6d705bc17ffa0d60eb1c114883687:528-528,zM__IyIqlvo
bad6ab238425f470597940c78a0661ac:67-67,NcbTOYlgk-8 Tmm3x0h01ec _Auy40SMKQQ g2PNlxC56kY
8c8e3756f1c2e33e2bdf17cff0c41344:472-474,0
8c8e3756f1c2e33e2bdf17cff0c41344:688-689,-LYYc739Wss PVqDhfWsZP0 PkM1tvhpFFk
8c8e3756f1c2e33e2bdf17cff0c41344:748-749,-lnkIozCMR8 1MuOHFzb1sM 1YpTLHtIXRI 2Az5Eb2AF_k 4ucyijUtAag 6zw_p_RqeFg 8ak8odE3tTE 9TV13rBt5-8 Baju9rNQ9-U Dj7rf-biBzE FBp3IAq_MUU GiaWXbVe1rg HT8_mbJzAB0 LrNZ5U1bAPw MYk6TvK7c8o MeYXqGPZYW4 MkUNATz_qVE Nz2YILkL80I OiGWds12z7A PiWJ_EhbSRU Rh7SzAp6HqY Tnsfm9NwNss UnA_7na80Zk UqCJq33mwvU Vu6KP9GfeZc Xeg0Shhjv5c Y1qCSCiHF5U YPRQgryzy3c ZOfkS2M5m_Q csyZFkZsXzQ czkafXPpGtM dYpetOfclTM ht8Ybdo3gLc iDHaT98az9E iQWmDLJOJbM kU3gAh1cmhc l5HjD4Rv-DU mNqENtfjdjY mp_fcaIcW5M xPY9QiiJACY zlGDsDoygb0
a56b29fd239cd87a4d2a47d16bd74147:33-33,NcbTOYlgk-8 Tmm3x0h01ec _Auy40SMKQQ g2PNlxC56kY
a56b29fd239cd87a4d2a47d16bd74147:130-130,NcbTOYlgk-8 Tmm3x0h01ec _Auy40SMKQQ g2PNlxC56kY
2a8ecda0305854d1c1e6488d95ec9549:61-62,3gu2rULPAfM 3kfF5P9Hj7k 5IlsfGSF2YQ 5JBZNLco4h4 5_cE4EfTvMk 7q9VFMpUiBk 8KmxqmmD3ok ChjqOkttoNQ DQO-2qs-gDw GcU-u1gWPTo JFj4eLeFrh4 KVU2Jyzr5iA KirEiL43D6I LmvadqZ_QD0 MFTv1H9CowY Mq0v5DoNq6g NQgJPZvDcCc P7LH5aMyPB4 PlK-tNXGIL0 QIymZ6XVYX8 TBY1A2qIo2Y WB9thjoGGAw YUI9XmENmzk ZIf5jijTSvc c5_gBdjOHxQ cLnh1bGrCEU cujNsqEso0g dru7lDldigw fWOEsqDjUdk gcok1JJ40Gg mjP-E5UWHRs nqH-kjW_UKY qfgemwuEdik rdSSSEnmwoc tlcjJXh8Q74 wEZMJIZRi4Y xKqcxV-JzU8 xNZMQM6QbVA xVa0mqGwbu8
2a8ecda0305854d1c1e6488d95ec9549:97-98,3gu2rULPAfM 3kfF5P9Hj7k 5IlsfGSF2YQ 5JBZNLco4h4 5_cE4EfTvMk 7q9VFMpUiBk 8KmxqmmD3ok ChjqOkttoNQ DQO-2qs-gDw GcU-u1gWPTo JFj4eLeFrh4 KVU2Jyzr5iA KirEiL43D6I LmvadqZ_QD0 MFTv1H9CowY Mq0v5DoNq6g NQgJPZvDcCc P7LH5aMyPB4 PlK-tNXGIL0 QIymZ6XVYX8 TBY1A2qIo2Y WB9thjoGGAw YUI9XmENmzk ZIf5jijTSvc c5_gBdjOHxQ cLnh1bGrCEU cujNsqEso0g dru7lDldigw fWOEsqDjUdk gcok1JJ40Gg mjP-E5UWHRs nqH-kjW_UKY qfgemwuEdik rdSSSEnmwoc tlcjJXh8Q74 wEZMJIZRi4Y xKqcxV-JzU8 xNZMQM6QbVA xVa0mqGwbu8
ee7ff532cc529538e2095334ab0a1d0c:70-72,GipEQqiMZhc aJhzw6cV1Ts ofEm_taKED8 s3GVnxcz8NU
71f814b17c773ea7e8c29c251e9bcd2b:471-471,0
71f814b17c773ea7e8c29c251e9bcd2b:702-702,0
71f814b17c773ea7e8c29c251e9bcd2b:856-856,0
71f814b17c773ea7e8c29c251e9bcd2b:942-942,0
71f814b17c773ea7e8c29c251e9bcd2b:1103-1103,0
9db553f6b7a0b0df3c5d5e137ce8cbf2:218-219,-JzluQ5H71g 0zZJMNuyqrs 1Mzi20fIAKE 25A7iTZuz10 2wIuYIOM6Fo 36OWjGcWdgM 3RQXZ0LHQls 4Nl00hJOv1c 4cNdVS75NUI 4wrratkjJa0 5SGAxob_L1Q 60nSAx4MaHc 6w3LXr22NVw 7OG34FFQHr8 8qEyPSSEGIY 8stisDuHa-g 8vNHFqtHYMM 91V-ifotY4o BP9RRiGdO5s BcXiRaYXC1s CEs60nZ05Es COg101zdvuQ CSEugZue3kU CyJuuaYai-c DBfYuqhlMSI DMpV4ooGe1U Da1uAVPgtxQ DdcPzXOXOHw EEIA2nvfgbk EJAf-Eql-8w ETBXzrFOOfw FSXR2GQ5ODg FSb7xipuob4 FyZr0KYFy5k G1G2tpXF8mQ GP2Jt6w6l7k I3yr4fc9QH4 IMaH-U2DVYI J2e73GS7NmU JFXSewD7Q4c JSpa5G-m7Zg Jyz5GQplofk KZhYOjDr1lE L3hituCno4A LA6aUXv269k MBIKQ4AV3eU MXBJudVmT8o MZpQ6hO9prE Mb1VIE2HMO8 MdI-vjUAbyQ MoHZNej3Y1g N6PqapjxX6Y NtQD6FRelCQ O3NS4RnmGAA OZb3_-s-veI PDsDrajdkBk PF5ILc9QhOc PVqDhfWsZP0 Pf5qH6IJtl4 Qvsv6tBxpuE RLSZ7HVLqNI RTp9Lqvoj0w RWTCsQcfw8Q RxsK9iRD-fQ T9Aayy2KN4Y VUO4iG2HRNs V_l1zupFybc Vd-FY5Pjh8w WEjwLl75ZuQ WIEoDOWJpQY WnkO0D90E3o WvfsXW23ve4 X0xxs06Af6w XGVwVSiDSI4 XNCsUkdzgnc XzHtVJplNrs Yn0zSTW8q3M Z9qXx9tDTfg ZmxX4FDWWos _G6YiuioCOM _vL7tLk_ERo aNG-9UfLyAw aRMZhIADCY4 bVFgXt9ZlEE bs-qsBo2_nU bsHfPMJ87_k cCHL5E1GyD8 cIkO2VdVVwI cj84wr_pXUo dtWzYL-DQY8 encFmadHPCg fKQlyp9A1kM fU1W-v26QoA fdyCNxcZyPg gsb9M-n0xqE hG6nGXLWF_k hYgXMFX7Cl8 jAcyrIs0i4g jL3AAJrC7II jkd31p0BH0c jmjJqpVitD0 lw-AjbzGQOY mNhsFNt8_d8 mg5Rgx-3N_c neQK14jo-nA p4NcBKIhWOo pg0Ect6yLrY pt8eOLwj0wY qM4mFJzbwEg qVif264e8ng rXfuwtVy9XQ reS4NFK5NGQ s307OBVaWnQ shDUVWGzwz8 tBW-7w8fMJo thpsYRXnsMQ tt_ED7XEyJc u6jorxI_Pcg vMHkyP4kwKU vXvThB9XC9M w6qAxEJrHR4 wkbwZe3bxxw yC7JrgnaHBg yqtrVazx1_w zA8Z0IDYx4k
682bd63d6ebcfeeb071e436c389c070d:83-84,-RxdtyAqTpk CEe_n3VzN2U vpUHg7keJfk
198848e2c4c6b430c20ea369a76b4290:470-471,0
08a5a5e29ca82f9b744e6c7cbdd1115e:484-489,0
08a5a5e29ca82f9b744e6c7cbdd1115e:506-507,-lnkIozCMR8 1MuOHFzb1sM 1YpTLHtIXRI 2Az5Eb2AF_k 4ucyijUtAag 6zw_p_RqeFg 8ak8odE3tTE 9TV13rBt5-8 Baju9rNQ9-U Dj7rf-biBzE FBp3IAq_MUU GiaWXbVe1rg HT8_mbJzAB0 LrNZ5U1bAPw MYk6TvK7c8o MeYXqGPZYW4 MkUNATz_qVE Nz2YILkL80I OiGWds12z7A PiWJ_EhbSRU Rh7SzAp6HqY Tnsfm9NwNss UnA_7na80Zk UqCJq33mwvU Vu6KP9GfeZc Xeg0Shhjv5c Y1qCSCiHF5U YPRQgryzy3c ZOfkS2M5m_Q csyZFkZsXzQ czkafXPpGtM dYpetOfclTM ht8Ybdo3gLc iDHaT98az9E iQWmDLJOJbM kU3gAh1cmhc l5HjD4Rv-DU mNqENtfjdjY mp_fcaIcW5M xPY9QiiJACY zlGDsDoygb0
6a726f13dcd21e0066bc27bd9bcda843:293-294,0
6a726f13dcd21e0066bc27bd9bcda843:359-360,0
6a726f13dcd21e0066bc27bd9bcda843:412-414,aXsM-mNYoZw
6a726f13dcd21e0066bc27bd9bcda843:469-470,0
6a726f13dcd21e0066bc27bd9bcda843:541-542,0
6a726f13dcd21e0066bc27bd9bcda843:547-549,aXsM-mNYoZw
6a726f13dcd21e0066bc27bd9bcda843:746-747,0
6a726f13dcd21e0066bc27bd9bcda843:937-938,0
6a726f13dcd21e0066bc27bd9bcda843:1185-1186,0
5bc5cc65991f5d7d5ac85786d07d92b4:22-22,0
